areaname;date;newcasesbyspecimendate;newcasesbyspecimendaterollingrate;newcasesbyspecimendaterollingsum
England;2023-12-06;945;9.2;5227
England;2023-12-03;687;7.9;4493
England;2023-11-26;506;7.0;3934
England;2023-11-20;695;7.5;4252
England;2023-11-18;449;7.7;4342
England;2023-11-12;593;7.0;3942
England;2023-11-08;693;9.0;5108
England;2023-11-07;817;9.3;5280
England;2023-11-05;683;10.0;5648
England;2023-11-04;592;10.3;5812
England;2023-11-03;734;10.5;5957
England;2023-11-02;809;10.9;6155
England;2023-10-30;1011;11.9;6712
England;2023-10-26;1013;13.0;7361
England;2023-10-20;1145;16.0;9055
England;2023-10-19;1320;16.6;9377
England;2023-10-16;1445;18.9;10715
England;2023-10-14;1120;21.8;12353
England;2023-10-12;1543;24.0;13548
England;2023-10-11;1894;25.2;14259
England;2023-10-09;2234;27.3;15443
England;2023-10-08;2068;28.0;15854
England;2023-10-04;2447;29.1;16481
England;2023-10-01;2360;29.5;16657
England;2023-09-27;2667;26.5;14993
England;2023-09-24;2007;22.7;12839
England;2023-09-23;1555;22.0;12437
England;2023-09-18;1929;19.3;10922
England;2023-09-05;1891;19.9;11270
England;2023-09-04;1969;19.0;10747
England;2023-08-30;1488;13.8;7788
England;2023-08-29;1368;13.1;7396
England;2023-08-26;856;13.0;7360
England;2023-08-24;1098;13.0;7355
England;2023-08-22;1177;12.9;7278
England;2023-08-19;848;12.6;7122
England;2023-08-18;991;12.6;7127
England;2023-08-17;1047;12.5;7055
England;2023-08-13;976;12.2;6881
England;2023-08-11;919;11.6;6560
England;2023-08-09;1034;11.0;6229
England;2023-08-03;807;9.4;5330
England;2023-07-30;752;8.0;4534
England;2023-07-27;629;6.9;3879
England;2023-07-25;647;6.4;3593
England;2023-07-24;630;6.1;3463
England;2023-07-22;412;5.7;3213
England;2023-07-20;497;5.4;3035
England;2023-07-16;384;5.0;2804
England;2023-07-13;417;4.9;2791
England;2023-07-12;418;4.8;2690
England;2023-07-11;450;4.6;2616
England;2023-07-06;316;3.6;2024
England;2023-07-05;344;3.5;1961
England;2023-06-29;253;3.5;2003
England;2023-06-28;298;3.7;2096
England;2023-06-26;306;4.0;2270
England;2023-06-25;303;4.2;2385
England;2023-06-23;289;4.4;2506
England;2023-06-18;350;5.2;2965
England;2023-06-14;463;6.2;3503
England;2023-06-08;578;7.9;4488
England;2023-06-04;615;8.3;4678
England;2023-05-30;780;9.1;5140
England;2023-05-27;567;10.7;6035
England;2023-05-16;1069;13.1;7431
England;2023-05-15;1139;13.8;7809
England;2023-05-13;782;14.3;8077
England;2023-05-11;1196;15.0;8479
England;2023-05-08;1328;16.5;9351
England;2023-05-05;1198;17.8;10082
England;2023-05-03;1526;18.2;10288
England;2023-05-02;1777;18.3;10331
England;2023-04-28;1369;18.4;10385
England;2023-04-27;1514;18.3;10359
England;2023-04-24;1706;18.9;10667
England;2023-04-19;1704;21.3;12058
England;2023-04-18;1803;21.9;12409
England;2023-04-16;1788;22.9;12961
England;2023-04-15;1271;22.7;12816
England;2023-04-11;2281;23.7;13390
England;2023-04-06;1966;27.7;15686
England;2023-03-30;3050;41.8;23657
England;2023-03-26;3156;48.5;27417
England;2023-03-25;2748;49.4;27944
England;2023-03-20;4730;51.3;29031
England;2023-03-16;4351;52.7;29786
England;2023-03-11;3084;48.0;27142
England;2023-03-08;4318;46.1;26063
England;2023-03-07;4455;45.5;25718
England;2023-02-25;2529;44.7;25284
England;2023-02-22;3855;47.5;26860
England;2023-02-20;4552;47.6;26929
England;2023-02-19;3435;47.6;26926
England;2023-02-14;4356;41.8;23650
England;2023-02-13;4549;40.1;22689
England;2023-02-12;2920;38.5;21761
England;2023-02-11;2396;37.9;21457
England;2023-02-09;3043;37.1;20984
England;2023-02-03;2751;34.5;19522
England;2023-01-29;2249;28.3;16013
England;2023-01-24;2550;23.8;13487
England;2023-01-21;1400;22.6;12776
England;2023-01-20;1699;22.5;12703
England;2023-01-17;1988;24.4;13777
England;2023-01-13;1905;30.8;17415
England;2023-01-10;2803;41.6;23522
England;2023-01-07;2417;50.8;28719
England;2023-01-05;4168;57.1;32305
England;2022-12-30;5524;66.7;37721
England;2022-12-29;6953;66.2;37422
England;2022-12-28;7609;64.9;36710
England;2022-12-27;5977;63.9;36143
England;2022-12-19;8240;72.9;41244
England;2022-12-18;5212;69.6;39360
England;2022-12-17;4273;67.9;38371
England;2022-12-15;5549;63.1;35683
England;2022-12-09;3824;49.6;28057
England;2022-12-08;4092;48.6;27508
England;2022-12-07;4640;47.1;26630
England;2022-12-04;3409;42.8;24196
England;2022-12-03;2481;42.3;23939
England;2022-12-02;3275;42.0;23762
England;2022-11-30;3608;40.5;22918
England;2022-11-24;3007;36.4;20568
England;2022-11-17;2703;34.8;19671
England;2022-11-15;3160;35.4;20026
England;2022-11-11;2562;37.3;21103
England;2022-11-04;2760;44.9;25398
England;2022-11-01;4091;51.3;28990
England;2022-10-31;4633;53.2;30080
England;2022-10-28;3916;60.3;34078
England;2022-10-24;6147;74.7;42228
England;2022-10-20;6075;89.6;50693
England;2022-10-17;9304;96.2;54377
England;2022-10-12;8124;103.4;58487
England;2022-10-10;9835;108.5;61372
England;2022-10-09;8014;110.4;62418
England;2022-10-07;8333;111.4;63010
England;2022-09-25;6737;78.1;44188
England;2022-09-24;5309;73.2;41394
England;2022-09-22;6294;65.4;36996
England;2022-09-19;5702;52.7;29816
England;2022-09-15;4200;49.3;27866
England;2022-09-14;4453;47.6;26916
England;2022-09-09;3103;44.5;25157
England;2022-09-08;3250;44.7;25293
England;2022-09-04;3759;46.2;26113
England;2022-08-25;3266;45.8;25928
England;2022-08-22;4575;49.4;27928
England;2022-08-20;3059;53.4;30193
England;2022-08-14;4781;68.4;38677
England;2022-08-09;6462;78.2;44239
England;2022-08-07;5897;84.0;47530
England;2022-08-05;5859;90.3;51065
England;2022-08-03;7419;96.6;54606
England;2022-07-31;7672;109.7;62054
England;2022-07-29;7585;118.3;66895
England;2022-07-26;10482;141.5;80037
England;2022-07-24;10216;158.1;89411
England;2022-07-21;12791;185.9;105114
England;2022-07-17;15702;245.0;138559
England;2022-07-16;13677;258.0;145903
England;2022-07-15;16626;268.0;151580
England;2022-07-13;21639;286.2;161836
England;2022-07-12;24377;295.2;166938
England;2022-07-11;27198;301.8;170679
England;2022-07-08;22173;311.6;176227
England;2022-07-07;24049;309.7;175121
England;2022-07-05;28118;296.3;167564
England;2022-07-03;25172;270.2;152823
England;2022-06-29;21720;230.5;130326
England;2022-06-26;18039;207.0;117054
England;2022-06-25;14478;200.8;113539
England;2022-06-24;15626;195.7;110695
England;2022-06-23;16698;188.7;106709
England;2022-06-21;17531;170.7;96549
England;2022-06-16;11915;138.4;78255
England;2022-06-13;12954;124.3;70318
England;2022-06-11;8468;114.6;64794
England;2022-06-09;9589;104.4;59032
England;2022-06-07;9484;88.9;50283
England;2022-06-03;5581;65.2;36875
England;2022-06-01;5711;62.8;35526
England;2022-05-31;5734;61.9;35004
England;2022-05-30;5928;61.6;34863
England;2022-05-27;4494;63.2;35737
England;2022-05-22;5151;73.1;41336
England;2022-05-21;4243;75.9;42915
England;2022-05-20;5049;77.5;43811
England;2022-05-19;5785;78.8;44556
England;2022-05-17;6833;81.4;46020
England;2022-05-12;6376;92.3;52207
England;2022-05-10;8154;100.7;56941
England;2022-05-01;7718;117.5;66446
England;2022-04-27;10120;149.1;84302
England;2022-04-26;11293;161.2;91155
England;2022-04-19;20595;243.6;137761
England;2022-04-18;20566;255.6;144548
England;2022-04-17;16262;273.3;154579
England;2022-04-16;16091;289.9;163958
England;2022-04-11;30597;381.4;215671
England;2022-04-08;27391;439.9;248775
England;2022-03-29;67441;818.0;462586
England;2022-03-27;58000;862.9;487988
England;2022-03-26;51776;878.7;496895
England;2022-03-24;68604;887.7;501978
England;2022-03-22;81845;879.6;497412
England;2022-03-18;61904;825.1;466592
England;2022-03-16;73951;784.4;443569
England;2022-03-13;60271;662.8;374816
England;2022-03-12;49161;619.7;350459
England;2022-03-11;52270;583.2;329807
England;2022-03-09;55491;504.6;285377
England;2022-03-08;52343;465.5;263247
England;2022-03-07;50982;429.3;242768
England;2022-03-02;33361;315.2;178274
England;2022-02-27;22165;297.5;168246
England;2022-02-25;19533;324.2;183317
England;2022-02-24;21882;333.7;188707
England;2022-02-23;26009;355.4;200993
England;2022-02-17;34168;446.8;252660
England;2022-02-16;39445;459.5;259823
England;2022-02-11;34944;599.1;338778
England;2022-02-05;43233;841.2;475722
England;2022-02-01;78511;977.2;552636
England;2022-01-30;74980;1046.5;591811
England;2022-01-28;71682;1083.7;612848
England;2022-01-26;93211;1104.4;624563
England;2022-01-25;96955;1111.7;628687
England;2022-01-20;86951;1115.8;630964
England;2022-01-16;85599;1096.5;620048
England;2022-01-15;67821;1092.0;617530
England;2022-01-14;75174;1115.7;630930
England;2022-01-10;116343;1689.1;955182
England;2022-01-08;81221;1941.6;1097984
England;2022-01-03;193617;2089.9;1181858
England;2022-01-01;99303;1934.8;1094117
England;2021-12-30;192825;1802.6;1019401
England;2021-12-24;117562;1409.9;797328
England;2021-12-14;90717;706.3;399425
England;2021-12-13;76507;631.0;356854
England;2021-12-11;41940;566.1;320140
England;2021-12-09;48817;540.7;305784
England;2021-12-05;35037;519.0;293518
England;2021-12-02;43045;498.4;281861
England;2021-12-01;47263;488.0;275959
England;2021-11-25;37143;452.2;255721
England;2021-11-23;41015;449.3;254053
England;2021-11-22;42869;445.1;251694
England;2021-11-19;33184;436.1;246630
England;2021-11-18;37099;432.9;244783
England;2021-11-17;38257;426.8;241384
England;2021-11-15;42477;414.7;234540
England;2021-11-13;27358;396.2;224049
England;2021-11-12;31337;387.7;219272
England;2021-11-09;34679;353.7;200025
England;2021-11-08;36138;347.8;196674
England;2021-11-07;25447;350.5;198199
England;2021-11-05;24405;367.8;207978
England;2021-10-31;29564;422.0;238637
England;2021-10-29;33995;425.6;240668
England;2021-10-28;35077;426.5;241179
England;2021-10-27;36524;432.7;244683
England;2021-10-26;35276;445.8;252122
England;2021-10-22;34506;495.3;280077
England;2021-10-19;44630;494.2;279467
England;2021-10-18;49257;487.6;275729
England;2021-10-13;40547;433.7;245239
England;2021-10-09;27180;384.8;217615
England;2021-10-07;32158;365.3;206594
England;2021-10-06;32547;355.9;201244
England;2021-10-04;36475;344.4;194745
England;2021-10-03;27138;341.1;192865
England;2021-10-01;24134;343.2;194057
England;2021-09-28;29628;348.9;197308
England;2021-09-26;26814;346.2;195753
England;2021-09-25;23389;342.6;193728
England;2021-09-21;30547;310.3;175492
England;2021-09-18;20926;271.9;153754
England;2021-09-15;22414;266.2;150560
England;2021-09-13;25199;281.3;159102
England;2021-09-12;17879;295.4;167038
England;2021-09-10;21031;316.7;179069
England;2021-09-09;24440;330.3;186768
England;2021-09-08;25659;341.2;192964
England;2021-09-04;23409;339.6;192065
England;2021-09-02;30636;325.9;184317
England;2021-09-01;31600;318.6;180163
England;2021-08-28;20138;317.8;179728
England;2021-08-25;27901;329.1;186096
England;2021-08-21;22605;339.4;191903
England;2021-08-20;25555;337.1;190634
England;2021-08-17;31095;329.6;186389
England;2021-08-16;30861;323.4;182904
England;2021-08-13;24992;314.5;177833
England;2021-08-04;28895;295.6;167171
England;2021-08-01;18714;290.2;164127
England;2021-07-30;22109;295.1;166896
England;2021-07-29;25361;299.5;169373
England;2021-07-25;19657;359.4;203254
England;2021-07-19;43401;555.5;314134
England;2021-07-16;51138;522.7;295594
England;2021-07-11;27418;367.7;207924
England;2021-07-10;25411;357.8;202312
England;2021-07-01;24267;245.4;138763
England;2021-06-27;15407;176.8;99954
England;2021-06-26;13486;164.0;92750
England;2021-06-24;15084;141.9;80262
England;2021-06-23;14806;132.1;74701
England;2021-06-15;9153;88.0;49738
England;2021-06-12;5422;77.3;43720
England;2021-06-06;4730;55.6;31435
England;2021-06-04;4886;49.2;27801
England;2021-06-02;5039;42.1;23788
England;2021-05-31;3170;35.7;20210
England;2021-05-27;3075;30.4;17197
England;2021-05-20;2000;23.5;13276
England;2021-05-16;1587;21.6;12236
England;2021-05-15;1306;22.3;12634
England;2021-05-12;1869;22.9;12976
England;2021-05-10;2325;24.1;13638
England;2021-05-09;1985;23.2;13119
England;2021-05-07;1657;21.8;12349
England;2021-05-05;2203;21.5;12154
England;2021-05-01;1211;22.6;12766
England;2021-04-30;1528;22.7;12855
England;2021-04-26;2267;24.1;13607
England;2021-04-24;1300;24.7;13992
England;2021-04-18;2281;25.0;14128
England;2021-04-17;1398;24.5;13867
England;2021-04-14;2068;27.7;15689
England;2021-04-13;2060;29.0;16373
England;2021-04-11;2020;30.0;16984
England;2021-04-10;2009;30.1;17006
England;2021-04-09;2482;30.3;17118
England;2021-04-08;2651;29.9;16884
England;2021-04-07;2752;30.6;17300
England;2021-04-04;2042;34.3;19375
England;2021-03-29;3422;52.0;29399
England;2021-03-25;4674;57.4;32487
England;2021-03-23;4566;57.0;32229
England;2021-03-22;5400;57.6;32596
England;2021-03-20;3514;56.4;31867
England;2021-03-19;4333;56.5;31945
England;2021-03-18;4689;57.3;32379
England;2021-03-17;5048;57.5;32538
England;2021-03-08;5818;60.7;34321
England;2021-03-07;3677;61.4;34718
England;2021-03-06;3832;62.2;35153
England;2021-03-04;5011;65.0;36730
England;2021-03-03;5305;68.4;38653
England;2021-03-02;5950;72.4;40969
England;2021-02-24;7621;106.4;60179
England;2021-02-22;10279;116.2;65709
England;2021-02-14;7781;137.5;77767
England;2021-02-12;10986;147.4;83369
England;2021-02-11;11637;153.6;86844
England;2021-02-10;12272;162.6;91924
England;2021-02-03;17948;228.9;129454
England;2021-02-02;18193;239.4;135405
England;2021-01-28;22523;289.4;163653
England;2021-01-26;25210;317.5;179543
England;2021-01-23;20425;382.7;216444
England;2021-01-18;41935;465.3;263132
England;2021-01-17;26976;485.8;274716
England;2021-01-13;42303;536.8;303584
England;2021-01-12;45968;555.3;314033
England;2021-01-08;43494;673.7;380990
England;2021-01-07;48132;647.9;366375
England;2021-01-01;28879;595.2;336561
England;2020-12-29;74058;488.4;276211
England;2020-12-27;43250;435.9;246495
England;2020-12-26;37462;411.7;232801
England;2020-12-25;12926;384.7;217534
England;2020-12-22;41741;407.0;230173
England;2020-12-21;43446;385.6;218084
England;2020-12-14;30019;244.7;138404
England;2020-12-10;18850;186.7;105596
England;2020-12-03;12762;152.5;86257
England;2020-12-02;13662;152.0;85954
England;2020-11-20;14960;220.7;124827
England;2020-11-17;20677;256.3;144918
England;2020-11-16;24136;263.6;149077
England;2020-11-13;22008;279.3;157949
England;2020-11-12;22320;277.8;157120
England;2020-11-11;25065;275.9;156006
England;2020-11-09;28560;265.0;149848
England;2020-11-07;16888;256.4;145021
England;2020-11-05;21206;250.1;141418
England;2020-11-03;22690;247.5;139963
England;2020-11-01;13611;234.6;132674
England;2020-10-29;20257;229.9;130024
England;2020-10-26;23033;232.9;131724
England;2020-10-23;18359;227.2;128463
England;2020-10-15;15428;172.2;97395
England;2020-10-13;15660;170.1;96191
England;2020-10-11;9781;164.1;92787
England;2020-10-03;9820;118.8;67203
England;2020-09-30;10663;92.6;52390
England;2020-09-29;8832;84.3;47660
England;2020-09-26;5704;68.8;38882
England;2020-09-18;4290;38.9;21991
England;2020-09-17;3979;36.4;20594
England;2020-09-10;3143;34.6;19553
England;2020-09-06;2079;27.5;15569
England;2020-09-05;2200;25.6;14477
England;2020-09-04;2637;23.6;13328
England;2020-09-02;2696;19.0;10726
England;2020-08-28;1395;13.5;7609
England;2020-08-23;704;12.3;6944
England;2020-08-22;732;12.0;6774
England;2020-08-19;1109;11.5;6508
England;2020-08-18;955;11.5;6525
England;2020-08-17;1159;12.1;6817
England;2020-08-16;534;12.4;7033
England;2020-08-09;569;10.6;6015
England;2020-08-05;973;9.6;5450
England;2020-07-27;824;8.4;4763
England;2020-07-26;518;8.3;4708
England;2020-07-14;661;7.1;4032
England;2020-07-06;664;6.9;3875
England;2020-07-05;544;6.9;3877
England;2020-07-02;561;7.0;3971
England;2020-06-30;578;7.4;4178
England;2020-06-27;506;8.2;4619
England;2020-06-22;821;10.0;5663
England;2020-06-19;818;10.9;6147
England;2020-06-10;1086;11.8;6700
England;2020-06-05;1020;14.3;8096
England;2020-06-02;1365;16.3;9243
England;2020-05-30;1010;17.0;9631
England;2020-05-29;1374;17.6;9930
England;2020-05-25;1389;22.9;12940
England;2020-05-23;1309;25.0;14164
England;2020-05-20;2359;26.4;14928
England;2020-05-19;2602;27.4;15468
England;2020-05-17;1593;29.5;16668
England;2020-05-15;2145;30.2;17104
England;2020-05-13;2899;32.8;18564
England;2020-05-06;3264;40.8;23096
England;2020-05-02;2762;48.1;27228
England;2020-04-30;4314;49.7;28090
England;2020-04-29;4737;50.1;28350
England;2020-04-27;4056;50.1;28308
England;2020-04-24;4352;51.4;29068
England;2020-04-18;4142;47.4;26819
England;2020-04-17;4088;45.6;25762
England;2020-04-09;4076;49.5;28004
England;2020-04-06;4407;47.9;27071
England;2020-04-02;4097;40.8;23078
England;2020-03-26;2633;21.8;12316
England;2020-03-21;1040;9.9;5611
England;2020-03-20;1096;8.6;4886
England;2020-03-14;315;3.4;1901
England;2020-03-09;127;0.8;454
England;2020-03-08;50;0.6;367
England;2020-03-06;74;0.5;284
England;2020-03-02;40;0.1;84
England;2020-02-27;7;;21
England;2020-02-24;2;;10
England;2020-02-21;2;;3
England;2020-02-18;0;;3
England;2020-02-13;1;;11
England;2020-02-12;1;;10
England;2020-02-09;1;;23
England;2020-02-08;3;;23
England;2020-02-07;0;;20
Leicester;2023-12-09;5;8.5;30
Leicester;2023-12-06;7;7.9;28
Leicester;2023-12-04;1;6.5;23
Leicester;2023-12-03;3;6.8;24
Leicester;2023-12-02;1;6.5;23
Leicester;2023-11-29;3;5.9;21
Leicester;2023-11-24;4;5.4;19
Leicester;2023-11-22;2;6.2;22
Leicester;2023-11-18;1;7.1;25
Leicester;2023-11-13;2;6.5;23
Leicester;2023-11-09;4;9.6;34
Leicester;2023-11-06;6;7.6;27
Leicester;2023-11-02;0;6.5;23
Leicester;2023-10-30;2;10.5;37
Leicester;2023-10-29;4;10.7;38
Leicester;2023-10-18;2;12.1;43
Leicester;2023-10-09;3;20.1;71
Leicester;2023-10-08;8;22.0;78
Leicester;2023-10-04;17;24.9;88
Leicester;2023-10-03;15;23.7;84
Leicester;2023-09-29;12;21.2;75
Leicester;2023-09-24;7;14.1;50
Leicester;2023-09-22;7;14.4;51
Leicester;2023-09-21;7;14.4;51
Leicester;2023-09-17;9;16.9;60
Leicester;2023-09-15;7;17.2;61
Leicester;2023-09-10;8;15.5;55
Leicester;2023-09-08;2;15.0;53
Leicester;2023-09-07;9;16.4;58
Leicester;2023-09-06;8;15.0;53
Leicester;2023-08-26;4;10.5;37
Leicester;2023-08-25;9;10.7;38
Leicester;2023-08-18;4;11.3;40
Leicester;2023-08-17;3;11.6;41
Leicester;2023-08-14;8;14.1;50
Leicester;2023-08-13;13;13.6;48
Leicester;2023-08-10;11;10.7;38
Leicester;2023-08-05;2;3.4;12
Leicester;2023-08-04;4;3.4;12
Leicester;2023-08-01;0;1.7;6
Leicester;2023-07-27;2;2.0;7
Leicester;2023-07-26;0;2.3;8
Leicester;2023-07-22;1;2.0;7
Leicester;2023-07-12;1;4.2;15
Leicester;2023-07-09;2;3.1;11
Leicester;2023-07-03;2;2.5;9
Leicester;2023-07-02;2;2.0;7
Leicester;2023-07-01;0;1.4;5
Leicester;2023-06-30;1;1.7;6
Leicester;2023-06-29;0;1.7;6
Leicester;2023-06-27;3;3.1;11
Leicester;2023-06-25;0;2.8;10
Leicester;2023-06-21;4;3.4;12
Leicester;2023-06-20;1;3.1;11
Leicester;2023-06-19;1;3.4;12
Leicester;2023-06-17;2;5.4;19
Leicester;2023-06-14;3;5.4;19
Leicester;2023-06-12;5;5.9;21
Leicester;2023-06-07;4;5.1;18
Leicester;2023-06-03;1;5.6;20
Leicester;2023-06-02;3;5.9;21
Leicester;2023-06-01;2;5.9;21
Leicester;2023-05-30;3;4.8;17
Leicester;2023-05-27;2;8.8;31
Leicester;2023-05-26;3;8.8;31
Leicester;2023-05-24;4;9.6;34
Leicester;2023-05-23;7;9.3;33
Leicester;2023-05-22;4;8.5;30
Leicester;2023-05-20;2;8.8;31
Leicester;2023-05-19;6;8.2;29
Leicester;2023-05-15;8;10.2;36
Leicester;2023-05-09;3;11.0;39
Leicester;2023-05-07;8;12.4;44
Leicester;2023-05-06;5;11.0;39
Leicester;2023-05-04;5;12.7;45
Leicester;2023-05-01;7;12.1;43
Leicester;2023-04-28;8;12.4;44
Leicester;2023-04-23;8;11.6;41
Leicester;2023-04-19;10;12.7;45
Leicester;2023-04-18;5;11.6;41
Leicester;2023-04-17;4;13.3;47
Leicester;2023-04-16;5;17.5;62
Leicester;2023-04-14;4;16.9;60
Leicester;2023-04-12;6;18.4;65
Leicester;2023-04-08;4;15.5;55
Leicester;2023-04-07;5;15.8;56
Leicester;2023-04-06;13;18.1;64
Leicester;2023-04-04;10;17.2;61
Leicester;2023-03-30;11;27.4;97
Leicester;2023-03-26;18;28.0;99
Leicester;2023-03-25;12;25.7;91
Leicester;2023-03-24;10;25.4;90
Leicester;2023-03-22;10;27.1;96
Leicester;2023-03-21;18;29.7;105
Leicester;2023-03-19;10;26.8;95
Leicester;2023-03-18;11;28.8;102
Leicester;2023-03-17;15;28.0;99
Leicester;2023-03-13;12;28.8;102
Leicester;2023-03-10;16;26.0;92
Leicester;2023-03-09;9;24.0;85
Leicester;2023-03-08;20;23.2;82
Leicester;2023-03-07;20;19.2;68
Leicester;2023-03-06;8;18.9;67
Leicester;2023-03-04;7;18.1;64
Leicester;2023-03-03;9;19.2;68
Leicester;2023-03-01;6;22.6;80
Leicester;2023-02-26;8;20.3;72
Leicester;2023-02-25;11;20.1;71
Leicester;2023-02-24;11;20.3;72
Leicester;2023-02-20;6;24.9;88
Leicester;2023-02-19;7;27.7;98
Leicester;2023-02-18;12;27.1;96
Leicester;2023-02-17;8;25.1;89
Leicester;2023-02-15;13;22.0;78
Leicester;2023-02-13;16;22.3;79
Leicester;2023-02-05;8;20.6;73
Leicester;2023-01-31;15;22.3;79
Leicester;2023-01-18;10;18.4;65
Leicester;2023-01-15;8;20.6;73
Leicester;2023-01-12;9;24.6;87
Leicester;2023-01-09;16;39.0;138
Leicester;2023-01-08;21;40.7;144
Leicester;2023-01-07;11;39.0;138
Leicester;2023-01-06;11;41.0;145
Leicester;2023-01-03;34;52.3;185
Leicester;2022-12-30;37;49.1;174
Leicester;2022-12-29;30;49.4;175
Leicester;2022-12-27;26;53.4;189
Leicester;2022-12-23;38;70.0;248
Leicester;2022-12-19;35;56.5;200
Leicester;2022-12-08;23;53.1;188
Leicester;2022-12-05;35;43.8;155
Leicester;2022-11-27;20;47.5;168
Leicester;2022-11-22;28;37.0;131
Leicester;2022-11-20;16;36.7;130
Leicester;2022-11-19;13;39.0;138
Leicester;2022-11-14;29;41.5;147
Leicester;2022-11-13;24;42.4;150
Leicester;2022-11-12;15;40.1;142
Leicester;2022-11-09;23;42.1;149
Leicester;2022-10-30;14;51.1;181
Leicester;2022-10-29;27;52.3;185
Leicester;2022-10-24;36;59.0;209
Leicester;2022-10-21;20;72.6;257
Leicester;2022-10-20;39;78.2;277
Leicester;2022-10-18;46;88.4;313
Leicester;2022-10-15;32;85.9;304
Leicester;2022-10-14;40;81.6;289
Leicester;2022-10-10;40;68.4;242
Leicester;2022-10-09;44;67.8;240
Leicester;2022-10-08;17;61.9;219
Leicester;2022-10-06;36;63.3;224
Leicester;2022-10-05;47;59.9;212
Leicester;2022-09-29;24;48.9;173
Leicester;2022-09-27;18;52.8;187
Leicester;2022-09-26;34;54.5;193
Leicester;2022-09-25;21;51.1;181
Leicester;2022-09-24;22;49.4;175
Leicester;2022-09-15;15;30.2;107
Leicester;2022-09-11;9;27.7;98
Leicester;2022-09-10;10;31.1;110
Leicester;2022-09-09;14;32.8;116
Leicester;2022-09-06;16;35.3;125
Leicester;2022-09-02;15;33.9;120
Leicester;2022-08-29;21;25.1;89
Leicester;2022-08-28;7;24.0;85
Leicester;2022-08-27;11;27.7;98
Leicester;2022-08-19;15;42.1;149
Leicester;2022-08-09;29;63.6;225
Leicester;2022-08-08;46;68.1;241
Leicester;2022-08-07;26;67.2;238
Leicester;2022-08-06;23;71.2;252
Leicester;2022-08-04;38;77.4;274
Leicester;2022-08-01;43;81.3;288
Leicester;2022-07-31;40;84.2;298
Leicester;2022-07-21;72;145.5;515
Leicester;2022-07-18;73;168.9;598
Leicester;2022-07-16;57;187.0;662
Leicester;2022-07-15;99;192.9;683
Leicester;2022-07-08;82;204.8;725
Leicester;2022-07-07;113;204.5;724
Leicester;2022-07-06;117;197.2;698
Leicester;2022-07-04;114;178.8;633
Leicester;2022-07-02;79;173.1;613
Leicester;2022-07-01;81;165.5;586
Leicester;2022-06-29;94;157.6;558
Leicester;2022-06-17;43;102.5;363
Leicester;2022-06-13;52;89.8;318
Leicester;2022-06-10;55;90.7;321
Leicester;2022-06-08;44;76.5;271
Leicester;2022-06-07;36;68.1;241
Leicester;2022-06-02;32;46.3;164
Leicester;2022-06-01;14;41.5;147
Leicester;2022-05-27;22;39.8;141
Leicester;2022-05-26;15;37.8;134
Leicester;2022-05-21;13;53.9;191
Leicester;2022-05-19;27;60.4;214
Leicester;2022-05-17;41;63.0;223
Leicester;2022-05-15;33;62.7;222
Leicester;2022-05-14;20;65.5;232
Leicester;2022-05-12;29;65.2;231
Leicester;2022-05-11;32;68.1;241
Leicester;2022-05-07;20;75.4;267
Leicester;2022-05-06;30;77.7;275
Leicester;2022-05-02;46;76.8;272
Leicester;2022-05-01;32;81.3;288
Leicester;2022-04-29;27;89.5;317
Leicester;2022-04-27;54;103.1;365
Leicester;2022-04-24;44;121.2;429
Leicester;2022-04-23;45;121.5;430
Leicester;2022-04-22;42;127.1;450
Leicester;2022-04-21;64;136.4;483
Leicester;2022-04-15;75;193.5;685
Leicester;2022-04-14;89;197.7;700
Leicester;2022-04-13;101;201.7;714
Leicester;2022-04-12;107;209.6;742
Leicester;2022-04-09;104;259.6;919
Leicester;2022-04-07;103;279.9;991
Leicester;2022-04-06;129;288.1;1020
Leicester;2022-04-05;163;321.4;1138
Leicester;2022-04-03;150;378.2;1339
Leicester;2022-03-31;132;418.0;1480
Leicester;2022-03-30;247;441.5;1563
Leicester;2022-03-29;241;447.4;1584
Leicester;2022-03-27;200;460.1;1629
Leicester;2022-03-23;268;446.8;1582
Leicester;2022-03-12;145;312.4;1106
Leicester;2022-03-08;174;262.7;930
Leicester;2022-03-07;169;253.1;896
Leicester;2022-03-03;125;200.0;708
Leicester;2022-03-02;128;187.6;664
Leicester;2022-03-01;140;181.3;642
Leicester;2022-02-28;119;169.8;601
Leicester;2022-02-25;64;200.8;711
Leicester;2022-02-22;99;232.2;822
Leicester;2022-02-19;98;239.8;849
Leicester;2022-02-17;106;238.7;845
Leicester;2022-02-12;91;339.5;1202
Leicester;2022-02-11;122;361.5;1280
Leicester;2022-02-10;148;387.5;1372
Leicester;2022-02-08;213;471.7;1670
Leicester;2022-02-07;252;526.5;1864
Leicester;2022-02-05;169;648.0;2294
Leicester;2022-02-01;407;844.5;2990
Leicester;2022-01-30;371;955.3;3382
Leicester;2022-01-28;392;1018.5;3606
Leicester;2022-01-20;615;1293.4;4579
Leicester;2022-01-19;712;1289.7;4566
Leicester;2022-01-06;1210;2365.9;8376
Leicester;2022-01-03;1348;2252.0;7973
Leicester;2021-12-30;1331;1841.1;6518
Leicester;2021-12-27;907;1384.0;4900
Leicester;2021-12-25;390;1229.5;4353
Leicester;2021-12-22;816;1053.3;3729
Leicester;2021-12-21;712;946.5;3351
Leicester;2021-12-20;569;853.3;3021
Leicester;2021-12-19;374;785.2;2780
Leicester;2021-12-18;358;734.4;2600
Leicester;2021-12-16;478;627.9;2223
Leicester;2021-12-13;328;445.2;1576
Leicester;2021-12-10;192;413.8;1465
Leicester;2021-12-09;205;404.2;1431
Leicester;2021-12-08;218;408.2;1445
Leicester;2021-12-05;185;408.7;1447
Leicester;2021-12-04;177;394.3;1396
Leicester;2021-11-30;247;359.6;1273
Leicester;2021-11-29;220;349.1;1236
Leicester;2021-11-27;155;363.8;1288
Leicester;2021-11-21;167;401.7;1422
Leicester;2021-11-18;176;399.4;1414
Leicester;2021-11-17;216;404.2;1431
Leicester;2021-11-16;242;412.4;1460
Leicester;2021-11-15;268;405.6;1436
Leicester;2021-11-09;218;359.9;1274
Leicester;2021-11-08;249;347.4;1230
Leicester;2021-11-07;171;330.5;1170
Leicester;2021-10-28;184;423.4;1499
Leicester;2021-10-24;184;393.2;1392
Leicester;2021-10-22;218;357.0;1264
Leicester;2021-10-20;215;325.1;1151
Leicester;2021-10-18;188;305.6;1082
Leicester;2021-10-17;126;309.3;1095
Leicester;2021-10-09;132;303.6;1075
Leicester;2021-09-27;208;334.7;1185
Leicester;2021-09-26;121;343.5;1216
Leicester;2021-09-19;160;381.0;1349
Leicester;2021-09-18;153;385.6;1365
Leicester;2021-09-17;166;385.6;1365
Leicester;2021-09-15;184;397.7;1408
Leicester;2021-09-14;207;415.2;1470
Leicester;2021-09-13;267;427.1;1512
Leicester;2021-09-12;176;438.7;1553
Leicester;2021-09-09;229;440.4;1559
Leicester;2021-09-08;246;434.7;1539
Leicester;2021-09-04;193;391.5;1386
Leicester;2021-09-02;209;386.1;1367
Leicester;2021-08-29;139;416.9;1476
Leicester;2021-08-27;215;435.5;1542
Leicester;2021-08-24;259;441.8;1564
Leicester;2021-08-18;271;441.8;1564
Leicester;2021-08-09;246;416.6;1475
Leicester;2021-08-06;202;389.8;1380
Leicester;2021-08-04;244;381.9;1352
Leicester;2021-08-02;212;354.5;1255
Leicester;2021-07-31;121;359.3;1272
Leicester;2021-07-27;180;329.1;1165
Leicester;2021-07-26;221;329.1;1165
Leicester;2021-07-23;140;377.1;1335
Leicester;2021-07-21;174;437.0;1547
Leicester;2021-07-16;263;381.3;1350
Leicester;2021-07-14;225;308.7;1093
Leicester;2021-07-13;192;288.1;1020
Leicester;2021-07-07;152;254.5;901
Leicester;2021-07-06;167;244.6;866
Leicester;2021-07-05;152;227.9;807
Leicester;2021-06-27;63;146.6;519
Leicester;2021-06-23;84;136.7;484
Leicester;2021-06-21;67;126.8;449
Leicester;2021-06-16;62;119.5;423
Leicester;2021-06-13;44;130.8;463
Leicester;2021-06-07;98;126.5;448
Leicester;2021-06-03;73;96.0;340
Leicester;2021-06-02;52;91.0;322
Leicester;2021-05-27;55;83.9;297
Leicester;2021-05-26;61;78.5;278
Leicester;2021-05-25;42;73.7;261
Leicester;2021-05-20;36;61.6;218
Leicester;2021-05-19;44;59.9;212
Leicester;2021-05-18;26;51.1;181
Leicester;2021-05-10;42;48.9;173
Leicester;2021-05-07;19;39.3;139
Leicester;2021-05-06;24;37.0;131
Leicester;2021-05-05;26;36.2;128
Leicester;2021-05-02;10;39.0;138
Leicester;2021-04-26;29;57.3;203
Leicester;2021-04-22;38;63.0;223
Leicester;2021-04-18;28;68.4;242
Leicester;2021-04-12;48;85.6;303
Leicester;2021-04-11;43;81.9;290
Leicester;2021-04-09;52;86.4;306
Leicester;2021-04-08;37;83.9;297
Leicester;2021-04-07;36;86.1;305
Leicester;2021-04-01;45;94.1;333
Leicester;2021-03-29;42;108.5;384
Leicester;2021-03-25;60;116.4;412
Leicester;2021-03-24;81;117.5;416
Leicester;2021-03-17;52;111.0;393
Leicester;2021-03-11;70;127.1;450
Leicester;2021-03-06;43;139.0;492
Leicester;2021-03-03;69;161.3;571
Leicester;2021-03-01;90;183.3;649
Leicester;2021-02-22;152;253.4;897
Leicester;2021-02-19;137;269.2;953
Leicester;2021-02-18;146;268.3;950
Leicester;2021-02-17;133;270.6;958
Leicester;2021-02-15;179;272.3;964
Leicester;2021-02-11;154;266.6;944
Leicester;2021-02-04;162;340.4;1205
Leicester;2021-02-03;180;355.0;1257
Leicester;2021-01-29;191;381.6;1351
Leicester;2021-01-25;175;472.3;1672
Leicester;2021-01-24;110;517.7;1833
Leicester;2021-01-21;275;590.6;2091
Leicester;2021-01-20;305;597.4;2115
Leicester;2021-01-19;378;588.1;2082
Leicester;2021-01-17;275;586.7;2077
Leicester;2021-01-16;223;562.9;1993
Leicester;2021-01-15;299;561.8;1989
Leicester;2021-01-08;265;616.9;2184
Leicester;2021-01-06;343;579.6;2052
Leicester;2021-01-04;359;571.7;2024
Leicester;2021-01-02;308;505.0;1788
Leicester;2021-01-01;157;463.5;1641
Leicester;2020-12-29;350;381.3;1350
Leicester;2020-12-27;216;330.5;1170
Leicester;2020-12-26;161;308.7;1093
Leicester;2020-12-24;127;315.8;1118
Leicester;2020-12-22;148;320.6;1135
Leicester;2020-12-17;165;300.5;1064
Leicester;2020-12-14;210;269.5;954
Leicester;2020-12-11;124;259.3;918
Leicester;2020-12-01;154;268.3;950
Leicester;2020-11-29;79;281.0;995
Leicester;2020-11-28;116;295.2;1045
Leicester;2020-11-27;117;303.6;1075
Leicester;2020-11-25;166;325.7;1153
Leicester;2020-11-24;164;346.3;1226
Leicester;2020-11-15;189;521.7;1847
Leicester;2020-11-13;237;540.3;1913
Leicester;2020-11-09;347;490.9;1738
Leicester;2020-11-08;229;481.9;1706
Leicester;2020-11-03;268;423.1;1498
Leicester;2020-11-02;315;403.1;1427
Leicester;2020-11-01;113;371.7;1316
Leicester;2020-10-25;151;361.5;1280
Leicester;2020-10-24;161;348.0;1232
Leicester;2020-10-23;198;327.7;1160
Leicester;2020-10-20;187;283.6;1004
Leicester;2020-10-10;78;207.9;736
Leicester;2020-10-08;151;203.7;721
Leicester;2020-10-05;88;165.8;587
Leicester;2020-10-03;64;144.6;512
Leicester;2020-09-28;48;105.4;373
Leicester;2020-09-27;37;111.0;393
Leicester;2020-09-22;68;126.3;447
Leicester;2020-09-20;35;118.9;421
Leicester;2020-09-19;78;117.5;416
Leicester;2020-09-16;55;92.1;326
Leicester;2020-09-15;60;92.6;328
Leicester;2020-09-14;50;91.5;324
Leicester;2020-09-12;41;93.2;330
Leicester;2020-09-06;26;62.1;220
Leicester;2020-09-04;39;51.7;183
Leicester;2020-08-31;15;24.9;88
Leicester;2020-08-26;12;29.9;106
Leicester;2020-08-16;11;52.0;184
Leicester;2020-08-15;17;54.5;193
Leicester;2020-08-13;34;63.3;224
Leicester;2020-08-08;39;68.9;244
Leicester;2020-08-05;48;59.3;210
Leicester;2020-08-04;27;56.8;201
Leicester;2020-08-01;29;59.3;210
Leicester;2020-07-31;18;55.1;195
Leicester;2020-07-30;42;58.5;207
Leicester;2020-07-29;39;58.5;207
Leicester;2020-07-27;45;63.6;225
Leicester;2020-07-25;14;60.2;213
Leicester;2020-07-24;30;66.1;234
Leicester;2020-07-18;35;77.4;274
Leicester;2020-07-14;39;98.9;350
Leicester;2020-07-13;52;104.2;369
Leicester;2020-07-12;26;112.4;398
Leicester;2020-07-07;58;127.7;452
Leicester;2020-07-04;40;115.8;410
Leicester;2020-07-02;58;121.2;429
Leicester;2020-06-26;71;157.9;559
Leicester;2020-06-21;65;141.8;502
Leicester;2020-06-16;72;130.5;462
Leicester;2020-06-11;76;101.4;359
Leicester;2020-06-07;47;78.8;279
Leicester;2020-06-05;28;72.3;256
Leicester;2020-06-04;38;71.5;253
Leicester;2020-06-02;69;70.9;251
Leicester;2020-06-01;44;58.2;206
Leicester;2020-05-25;26;66.4;235
Leicester;2020-05-24;21;68.4;242
Leicester;2020-05-21;49;86.4;306
Leicester;2020-05-15;44;64.7;229
Leicester;2020-05-13;38;62.1;220
Leicester;2020-05-12;40;66.9;237
Leicester;2020-05-09;18;61.3;217
Leicester;2020-05-07;30;54.2;192
Leicester;2020-05-05;25;52.5;186
Leicester;2020-05-04;37;54.5;193
Leicester;2020-05-03;18;53.9;191
Leicester;2020-05-02;11;50.8;180
Leicester;2020-05-01;16;53.7;190
Leicester;2020-04-30;42;59.6;211
Leicester;2020-04-29;37;54.2;192
Leicester;2020-04-28;32;52.3;185
Leicester;2020-04-27;35;48.6;172
Leicester;2020-04-25;21;52.3;185
Leicester;2020-04-24;37;51.4;182
Leicester;2020-04-21;19;36.4;129
Leicester;2020-04-20;28;35.0;124
Leicester;2020-04-19;27;29.9;106
Leicester;2020-04-13;10;41.5;147
Leicester;2020-04-07;25;47.7;169
Leicester;2020-04-01;33;27.7;98
Leicester;2020-03-30;5;17.8;63
Leicester;2020-03-20;2;5.1;18
England;2023-12-09;771;10.6;5975
England;2023-12-05;933;8.9;5009
England;2023-12-04;950;8.4;4758
England;2023-12-02;519;7.6;4312
England;2023-11-30;655;7.5;4224
England;2023-11-28;682;7.1;4016
England;2023-11-27;685;6.9;3924
England;2023-11-22;612;7.2;4065
England;2023-11-21;590;7.2;4082
England;2023-11-15;629;6.7;3780
England;2023-11-14;760;6.8;3844
England;2023-11-13;739;6.9;3901
England;2023-11-11;291;7.1;4032
England;2023-11-10;275;7.7;4333
England;2023-11-09;493;8.5;4792
England;2023-11-01;865;11.2;6359
England;2023-10-29;847;12.2;6876
England;2023-10-28;737;12.4;7017
England;2023-10-25;1021;13.6;7668
England;2023-10-23;1175;14.7;8302
England;2023-10-22;988;15.2;8572
England;2023-10-21;868;15.6;8803
England;2023-10-13;1467;22.8;12899
England;2023-10-06;2116;29.0;16408
England;2023-10-05;2254;29.0;16417
England;2023-10-02;2645;29.6;16741
England;2023-09-30;1928;28.8;16304
England;2023-09-28;2318;27.4;15486
England;2023-09-21;1825;21.0;11861
England;2023-09-20;1893;20.5;11568
England;2023-09-19;1950;19.8;11197
England;2023-09-17;1605;19.1;10817
England;2023-09-16;1318;19.1;10792
England;2023-09-13;1522;19.8;11191
England;2023-09-12;1675;20.4;11529
England;2023-09-11;1824;20.8;11745
England;2023-09-08;1548;21.1;11940
England;2023-09-07;1708;21.1;11904
England;2023-09-01;1512;15.3;8660
England;2023-08-25;988;13.0;7352
England;2023-08-21;1182;12.7;7193
England;2023-08-20;963;12.6;7109
England;2023-08-15;1092;12.3;6962
England;2023-08-08;1088;10.6;6019
England;2023-08-07;1021;10.2;5777
England;2023-08-05;681;9.8;5528
England;2023-08-01;846;8.8;4950
England;2023-07-31;847;8.4;4751
England;2023-07-29;629;7.6;4277
England;2023-07-23;495;5.9;3324
England;2023-07-21;444;5.6;3139
England;2023-07-19;468;5.2;2955
England;2023-07-18;517;5.1;2905
England;2023-07-17;491;5.0;2838
England;2023-07-15;338;5.0;2811
England;2023-07-14;340;4.9;2781
England;2023-07-10;457;4.4;2475
England;2023-07-09;391;4.2;2364
England;2023-07-08;308;4.0;2237
England;2023-07-04;309;3.4;1915
England;2023-07-03;346;3.4;1901
England;2023-06-27;295;3.8;2169
England;2023-06-24;259;4.3;2432
England;2023-06-20;396;4.8;2688
England;2023-06-13;509;6.6;3722
England;2023-06-10;382;7.6;4289
England;2023-06-09;469;7.7;4379
England;2023-06-07;682;8.1;4584
England;2023-06-03;472;8.2;4659
England;2023-06-02;578;8.4;4754
England;2023-05-23;1041;11.6;6580
England;2023-05-22;1095;11.7;6608
England;2023-05-19;881;12.1;6866
England;2023-05-12;948;14.6;8229
England;2023-05-10;1267;15.5;8762
England;2023-05-07;1109;17.1;9674
England;2023-05-06;934;17.3;9805
England;2023-05-04;1479;18.1;10253
England;2023-05-01;1651;18.0;10158
England;2023-04-30;1240;18.1;10213
England;2023-04-23;1432;19.5;11020
England;2023-04-21;1343;20.3;11456
England;2023-04-20;1488;20.6;11666
England;2023-04-17;2059;22.8;12887
England;2023-04-09;1643;24.1;13618
England;2023-04-02;2249;36.9;20850
England;2023-03-24;3744;50.0;28301
England;2023-03-22;4323;50.7;28657
England;2023-03-19;3683;52.3;29590
England;2023-03-13;5289;50.8;28725
England;2023-03-12;4026;49.5;28013
England;2023-03-09;3961;46.8;26459
England;2023-03-06;4577;44.9;25411
England;2023-03-01;3973;43.2;24457
England;2023-02-28;4148;43.0;24339
England;2023-02-23;3475;46.6;26330
England;2023-02-21;4326;47.6;26899
England;2023-02-17;3780;45.8;25900
England;2023-02-15;3894;42.8;24209
England;2023-02-06;3621;36.5;20661
England;2023-02-02;2956;33.7;19041
England;2023-02-01;3214;32.6;18423
England;2023-01-28;1802;27.4;15511
England;2023-01-27;2270;26.7;15109
England;2023-01-26;2338;25.7;14538
England;2023-01-25;2422;24.8;14008
England;2023-01-16;2307;25.8;14592
England;2023-01-15;1673;27.4;15497
England;2023-01-14;1327;28.9;16325
England;2023-01-12;2204;33.5;18922
England;2023-01-09;3212;46.8;26458
England;2023-01-01;3338;66.8;37791
England;2022-12-23;5225;77.9;44069
England;2022-12-22;6241;78.5;44369
England;2022-12-16;5525;66.1;37384
England;2022-12-14;5962;60.5;34226
England;2022-12-13;6483;58.2;32904
England;2022-12-10;3286;51.0;28862
England;2022-12-05;4850;43.9;24809
England;2022-11-28;4237;39.0;22029
England;2022-11-27;3152;37.7;21341
England;2022-11-25;2638;36.6;20705
England;2022-11-23;3240;35.8;20264
England;2022-11-22;3451;35.3;19957
England;2022-11-20;2613;34.7;19611
England;2022-11-12;2172;37.0;20901
England;2022-11-09;3185;38.5;21756
England;2022-11-05;2374;43.4;24545
England;2022-11-02;3599;48.9;27665
England;2022-10-30;3827;55.9;31594
England;2022-10-29;3227;58.0;32778
England;2022-10-22;4527;84.2;47631
England;2022-10-21;5759;86.8;49109
England;2022-10-15;6005;98.4;55665
England;2022-10-14;7343;99.5;56241
England;2022-10-08;6581;111.5;63027
England;2022-10-06;8819;109.2;61776
England;2022-10-05;9544;106.6;60309
England;2022-10-04;10246;103.6;58571
England;2022-10-03;10881;99.0;55973
England;2022-10-02;8623;94.0;53134
England;2022-10-01;6564;90.6;51248
England;2022-09-29;7352;86.5;48900
England;2022-09-27;7648;83.1;46976
England;2022-09-26;8042;82.3;46528
England;2022-09-23;6006;69.4;39273
England;2022-09-21;6940;61.7;34902
England;2022-09-18;3943;51.1;28872
England;2022-09-16;3729;50.4;28492
England;2022-09-13;4601;46.4;26212
England;2022-09-10;2861;44.3;25047
England;2022-09-07;3749;45.6;25803
England;2022-09-06;3940;46.0;26029
England;2022-09-02;3239;44.0;24871
England;2022-09-01;3760;43.6;24629
England;2022-08-31;3975;42.7;24135
England;2022-08-30;4473;42.6;24073
England;2022-08-27;2606;44.2;24980
England;2022-08-24;3913;47.1;26651
England;2022-08-23;4076;48.0;27159
England;2022-08-18;3989;57.3;32401
England;2022-08-16;4845;62.7;35440
England;2022-08-15;5606;65.5;37057
England;2022-08-12;4781;71.9;40667
England;2022-08-08;7226;81.2;45942
England;2022-08-06;4852;87.2;49305
England;2022-08-04;6524;93.4;52791
England;2022-07-30;6612;114.2;64598
England;2022-07-28;8339;124.6;70487
England;2022-07-22;11177;176.2;99665
England;2022-07-10;23046;307.5;173869
England;2022-07-09;19354;311.2;175995
England;2022-07-02;19586;257.6;145690
England;2022-06-30;21513;239.0;135141
England;2022-06-22;17764;180.2;101926
England;2022-06-14;12660;130.0;73494
England;2022-06-08;9952;96.4;54524
England;2022-06-04;6278;69.0;39000
England;2022-05-29;4687;62.2;35183
England;2022-05-24;5593;68.0;38461
England;2022-05-23;6248;70.2;39701
England;2022-05-18;6392;79.8;45147
England;2022-05-15;6730;85.5;48334
England;2022-05-14;5139;87.1;49268
England;2022-05-13;5794;89.3;50483
England;2022-05-11;7265;96.2;54423
England;2022-05-08;7664;108.6;61409
England;2022-05-07;6354;108.7;61463
England;2022-05-06;7518;109.6;61972
England;2022-04-30;6863;124.8;70594
England;2022-04-28;9056;139.4;78838
England;2022-04-25;13404;177.6;100457
England;2022-04-24;11866;190.3;107619
England;2022-04-13;25507;338.2;191276
England;2022-04-10;25641;407.1;230214
England;2022-04-07;31745;462.8;261726
England;2022-04-06;36891;487.8;275860
England;2022-04-01;40342;716.4;405097
England;2022-03-31;45879;751.6;425011
England;2022-03-25;60256;884.8;500330
England;2022-03-21;89907;865.9;489668
England;2022-03-06;35914;395.5;223651
England;2022-03-01;31864;302.2;170922
England;2022-02-28;31865;295.4;167077
England;2022-02-22;28019;379.2;214429
England;2022-02-21;33034;400.6;226555
England;2022-02-18;24923;429.1;242639
England;2022-02-15;40145;479.9;271391
England;2022-02-14;42490;507.0;286683
England;2022-02-13;32326;542.6;306865
England;2022-02-12;29142;574.2;324687
England;2022-02-07;62672;751.7;425060
England;2022-01-31;88502;1009.9;571080
England;2022-01-27;82726;1097.0;620338
England;2022-01-18;103308;1097.8;620810
England;2022-01-17;114776;1093.7;618481
England;2022-01-12;90000;1286.5;727490
England;2022-01-07;105080;1973.6;1116066
England;2022-01-06;150786;2058.1;1163873
England;2022-01-04;234873;2203.6;1246145
England;2022-01-02;148609;2022.6;1143808
England;2021-12-31;152887;1865.1;1054726
England;2021-12-29;224031;1704.0;963597
England;2021-12-28;170586;1552.1;877708
England;2021-12-27;155567;1479.6;836721
England;2021-12-23;137021;1352.3;764733
England;2021-12-22;138142;1275.9;721516
England;2021-12-21;129599;1207.8;683029
England;2021-12-19;78497;1066.4;603077
England;2021-12-15;99655;794.0;449021
England;2021-12-10;45018;551.0;311580
England;2021-12-07;48146;525.6;297216
England;2021-11-30;47632;474.9;268577
England;2021-11-28;33857;454.3;256890
England;2021-11-27;28459;450.6;254794
England;2021-11-11;33700;375.5;212340
England;2021-11-10;35390;364.3;206019
England;2021-11-06;22581;357.8;202316
England;2021-11-01;37663;417.9;236342
England;2021-10-30;28243;422.9;239164
England;2021-10-25;39958;462.4;261476
England;2021-10-23;29747;491.9;278185
England;2021-10-20;43963;500.2;282883
England;2021-10-14;39262;446.2;252343
England;2021-10-12;40892;419.5;237239
England;2021-10-11;43115;404.3;228616
England;2021-09-30;26808;346.0;195677
England;2021-09-29;28689;348.7;197209
England;2021-09-27;34595;350.5;198227
England;2021-09-16;22320;262.5;148440
England;2021-09-14;22641;272.0;153805
England;2021-09-11;16956;305.2;172616
England;2021-09-07;27938;351.7;198905
England;2021-09-06;33135;361.7;204532
England;2021-09-05;23457;347.2;196370
England;2021-09-03;28730;333.9;188794
England;2021-08-30;24973;302.6;171111
England;2021-08-26;26482;324.5;183497
England;2021-08-24;28212;335.3;189621
England;2021-08-23;30333;340.4;192504
England;2021-08-22;22409;341.3;193032
England;2021-08-19;29081;336.1;190071
England;2021-08-18;31426;333.7;188680
England;2021-08-14;21336;316.9;179212
England;2021-08-11;29135;315.0;178128
England;2021-08-09;28292;313.6;177340
England;2021-08-08;20157;310.6;175628
England;2021-08-06;24851;305.4;172678
England;2021-08-02;26580;290.3;164166
England;2021-07-28;26925;303.7;171723
England;2021-07-27;26027;312.1;176474
England;2021-07-26;26541;329.6;186394
England;2021-07-23;24586;409.8;231766
England;2021-07-22;27711;456.8;258318
England;2021-07-20;35947;542.6;306834
England;2021-07-18;33164;550.3;311210
England;2021-07-14;50320;434.8;245852
England;2021-07-09;29050;349.3;197539
England;2021-07-08;29929;337.4;190776
England;2021-07-04;21806;282.4;159700
England;2021-07-03;20638;271.1;153301
England;2021-07-02;22287;258.4;146149
England;2021-06-30;23941;229.1;129580
England;2021-06-28;23511;195.9;110758
England;2021-06-25;14901;152.8;86391
England;2021-06-22;13563;122.6;69306
England;2021-06-18;8772;101.3;57297
England;2021-06-17;9523;97.3;55035
England;2021-06-13;6075;79.7;45065
England;2021-06-11;6510;74.7;42262
England;2021-06-09;6919;69.1;39051
England;2021-06-07;6791;62.0;35056
England;2021-06-03;5131;45.7;25844
England;2021-05-30;2598;35.0;19790
England;2021-05-29;2462;33.8;19110
England;2021-05-28;2929;32.3;18254
England;2021-05-25;2797;26.9;15204
England;2021-05-24;2750;25.9;14648
England;2021-05-23;1918;25.2;14239
England;2021-05-14;1540;22.3;12629
England;2021-05-13;1737;22.5;12746
England;2021-05-11;1872;23.5;13310
England;2021-05-08;1301;22.0;12439
England;2021-05-06;1967;21.6;12220
England;2021-04-25;1897;24.1;13608
England;2021-04-23;1701;24.9;14090
England;2021-04-20;2112;24.8;14049
England;2021-04-16;1963;25.6;14478
England;2021-04-15;1959;26.5;14997
England;2021-04-06;2756;31.6;17888
England;2021-04-05;2314;32.3;18267
England;2021-03-24;5321;57.5;32502
England;2021-03-21;4679;58.1;32839
England;2021-03-16;4933;57.8;32712
England;2021-03-14;3707;59.1;33442
England;2021-03-12;4767;59.5;33652
England;2021-03-11;4848;59.4;33613
England;2021-03-01;6215;77.0;43555
England;2021-02-28;4112;84.2;47619
England;2021-02-27;4254;89.4;50540
England;2021-02-23;8536;111.4;62977
England;2021-02-21;7033;120.9;68383
England;2021-02-20;7161;122.2;69131
England;2021-02-19;9246;123.8;69995
England;2021-02-13;8025;142.3;80443
England;2021-02-09;12696;172.6;97600
England;2021-02-08;14370;182.3;103097
England;2021-02-07;10457;193.6;109492
England;2021-02-06;10951;200.1;113173
England;2021-02-04;16717;218.7;123648
England;2021-01-31;14138;264.6;149629
England;2021-01-30;15524;267.7;151374
England;2021-01-29;20363;276.3;156275
England;2021-01-22;27741;396.9;224432
England;2021-01-21;29633;414.8;234570
England;2021-01-20;32679;432.5;244595
England;2021-01-16;28413;497.8;281489
England;2021-01-15;37879;511.9;289495
England;2021-01-03;50664;640.0;361941
England;2020-12-30;64243;534.2;302071
England;2020-12-23;38383;420.7;237906
England;2020-12-20;29556;361.9;204657
England;2020-12-19;22195;342.2;193510
England;2020-12-18;32426;331.7;187583
England;2020-12-17;30159;310.1;175334
England;2020-12-16;30650;290.1;164025
England;2020-12-13;18409;222.9;126047
England;2020-12-12;16268;209.9;118674
England;2020-12-11;20177;199.3;112708
England;2020-12-08;16937;168.7;95426
England;2020-12-07;17662;163.1;92220
England;2020-11-29;9068;156.0;88226
England;2020-11-26;12459;165.0;93334
England;2020-11-25;14155;170.9;96672
England;2020-11-24;14266;178.7;101062
England;2020-11-15;14422;271.4;153501
England;2020-11-08;18272;264.7;149682
England;2020-11-06;21179;252.3;142698
England;2020-11-04;21053;248.4;140469
England;2020-11-02;28394;244.1;138035
England;2020-10-31;14565;234.2;132416
England;2020-10-27;20762;231.4;130848
England;2020-10-25;13353;231.8;131060
England;2020-10-24;13713;229.3;129689
England;2020-10-19;22369;193.3;109333
England;2020-10-16;14761;175.1;98997
England;2020-10-14;16646;172.3;97419
England;2020-10-10;10301;164.4;92972
England;2020-10-07;15418;153.9;87043
England;2020-10-06;14458;145.5;82288
England;2020-10-05;14218;135.6;76662
England;2020-10-04;9966;125.7;71085
England;2020-10-02;11719;111.6;63087
England;2020-10-01;11444;101.6;57473
England;2020-09-28;8641;78.2;44228
England;2020-09-25;6105;66.1;37393
England;2020-09-23;5933;58.7;33196
England;2020-09-22;5400;54.9;31041
England;2020-09-19;4215;42.4;23982
England;2020-09-16;3778;34.9;19758
England;2020-09-15;3057;33.4;18873
England;2020-09-14;2941;33.4;18887
England;2020-09-12;2224;35.1;19833
England;2020-08-31;1279;14.7;8334
England;2020-08-27;1356;12.8;7245
England;2020-08-25;1085;12.5;7071
England;2020-08-21;1031;11.8;6698
England;2020-08-15;656;12.5;7068
England;2020-08-13;1036;12.2;6893
England;2020-08-11;1247;11.9;6709
England;2020-08-10;1375;11.4;6427
England;2020-08-07;892;10.3;5824
England;2020-08-06;1005;9.9;5576
England;2020-08-03;963;9.4;5302
England;2020-08-02;518;9.1;5163
England;2020-07-30;879;9.2;5230
England;2020-07-25;499;8.2;4609
England;2020-07-24;720;8.1;4583
England;2020-07-23;741;7.8;4411
England;2020-07-21;697;7.6;4276
England;2020-07-20;769;7.5;4240
England;2020-07-19;419;7.4;4165
England;2020-07-18;473;7.2;4097
England;2020-07-13;694;7.0;3936
England;2020-07-11;432;7.2;4099
England;2020-07-09;688;7.2;4064
England;2020-07-08;682;7.0;3937
England;2020-07-07;565;6.8;3862
England;2020-07-03;536;6.8;3867
England;2020-07-01;607;7.2;4053
England;2020-06-29;666;7.7;4327
England;2020-06-28;413;7.9;4482
England;2020-06-25;643;8.7;4917
England;2020-06-24;732;9.2;5212
England;2020-06-21;550;10.2;5786
England;2020-06-17;914;11.0;6244
England;2020-06-14;752;11.6;6532
England;2020-06-13;785;11.4;6448
England;2020-06-12;938;11.3;6386
England;2020-06-08;990;12.7;7164
England;2020-06-06;723;13.8;7809
England;2020-06-03;1251;15.7;8878
England;2020-05-31;984;16.6;9409
England;2020-05-21;2277;26.5;14983
England;2020-05-18;2226;28.0;15806
England;2020-05-16;1781;30.2;17088
England;2020-05-12;2940;33.5;18929
England;2020-05-08;2622;36.3;20500
England;2020-05-05;3148;43.4;24569
England;2020-05-04;2851;45.2;25534
England;2020-05-01;4109;49.2;27847
England;2020-04-26;3137;49.4;27950
England;2020-04-25;3381;50.1;28307
England;2020-04-23;4574;50.9;28804
England;2020-04-15;4240;44.2;24980
England;2020-04-10;3590;48.6;27492
England;2020-04-03;4102;43.3;24507
England;2020-04-01;4150;38.2;21614
England;2020-03-30;3514;31.8;17973
England;2020-03-29;2449;29.1;16469
England;2020-03-28;2379;26.9;15232
England;2020-03-27;2673;24.6;13893
England;2020-03-22;1212;11.4;6425
England;2020-03-19;932;7.4;4191
England;2020-03-18;910;6.5;3680
England;2020-03-17;683;5.5;3128
England;2020-03-13;401;2.9;1641
England;2020-03-12;421;2.3;1314
England;2020-03-11;358;1.7;939
England;2020-03-01;18;0.1;46
England;2020-02-29;4;0.1;34
England;2020-02-28;11;0.1;30
England;2020-02-26;1;;14
England;2020-02-19;0;;2
England;2020-02-16;0;;7
England;2020-02-15;0;;8
England;2020-02-14;0;;11
England;2020-02-11;4;;10
England;2020-02-10;1;;6
England;2020-02-05;1;;21
Leicester;2023-11-30;2;6.2;22
Leicester;2023-11-28;6;5.6;20
Leicester;2023-11-25;3;5.9;21
Leicester;2023-11-21;2;5.9;21
Leicester;2023-11-17;3;7.3;26
Leicester;2023-11-16;5;6.5;23
Leicester;2023-11-15;1;6.2;22
Leicester;2023-11-14;8;6.8;24
Leicester;2023-11-10;0;7.9;28
Leicester;2023-10-27;4;11.0;39
Leicester;2023-10-26;8;11.6;41
Leicester;2023-10-23;3;9.3;33
Leicester;2023-10-22;6;10.5;37
Leicester;2023-10-20;6;10.2;36
Leicester;2023-10-15;7;15.0;53
Leicester;2023-10-13;5;17.8;63
Leicester;2023-10-11;8;17.2;61
Leicester;2023-10-02;10;22.3;79
Leicester;2023-09-30;11;22.0;78
Leicester;2023-09-23;8;14.7;52
Leicester;2023-09-20;8;15.3;54
Leicester;2023-09-14;10;15.8;56
Leicester;2023-09-12;8;14.4;51
Leicester;2023-09-09;9;15.8;56
Leicester;2023-09-05;9;14.4;51
Leicester;2023-09-01;7;11.3;40
Leicester;2023-08-31;4;11.9;42
Leicester;2023-08-27;3;10.2;36
Leicester;2023-08-24;0;9.3;33
Leicester;2023-08-23;5;10.2;36
Leicester;2023-08-22;9;9.3;33
Leicester;2023-08-21;6;9.0;32
Leicester;2023-08-20;4;9.6;34
Leicester;2023-08-19;5;12.1;43
Leicester;2023-08-16;2;13.8;49
Leicester;2023-08-11;5;11.0;39
Leicester;2023-08-08;6;7.9;28
Leicester;2023-08-07;6;6.2;22
Leicester;2023-08-02;3;2.5;9
Leicester;2023-07-28;2;2.3;8
Leicester;2023-07-25;0;2.5;9
Leicester;2023-07-24;0;2.5;9
Leicester;2023-07-23;3;2.8;10
Leicester;2023-07-19;1;1.1;4
Leicester;2023-07-18;0;1.1;4
Leicester;2023-07-17;1;2.3;8
Leicester;2023-07-16;0;2.5;9
Leicester;2023-07-15;1;3.1;11
Leicester;2023-07-13;1;4.0;14
Leicester;2023-07-10;2;3.1;11
Leicester;2023-07-07;1;2.3;8
Leicester;2023-07-06;2;2.3;8
Leicester;2023-07-05;1;1.7;6
Leicester;2023-07-04;0;1.7;6
Leicester;2023-06-24;1;3.1;11
Leicester;2023-06-23;1;3.4;12
Leicester;2023-06-11;4;5.1;18
Leicester;2023-06-10;0;4.8;17
Leicester;2023-06-08;1;4.8;17
Leicester;2023-06-05;2;6.8;24
Leicester;2023-06-04;3;6.5;23
Leicester;2023-05-29;1;5.9;21
Leicester;2023-05-28;0;6.8;24
Leicester;2023-05-25;4;9.6;34
Leicester;2023-05-17;3;9.6;34
Leicester;2023-05-13;0;11.3;40
Leicester;2023-05-12;7;12.7;45
Leicester;2023-05-08;8;12.7;45
Leicester;2023-04-27;8;11.0;39
Leicester;2023-04-25;4;12.1;43
Leicester;2023-04-24;7;12.4;44
Leicester;2023-04-22;2;10.7;38
Leicester;2023-04-21;3;12.4;44
Leicester;2023-04-20;9;12.7;45
Leicester;2023-04-15;8;18.1;64
Leicester;2023-04-13;9;17.2;61
Leicester;2023-04-09;7;15.5;55
Leicester;2023-04-05;9;17.5;62
Leicester;2023-04-02;7;23.2;82
Leicester;2023-03-28;14;29.4;104
Leicester;2023-03-23;16;26.8;95
Leicester;2023-03-14;11;26.3;93
Leicester;2023-03-11;8;26.3;93
Leicester;2023-03-05;12;19.2;68
Leicester;2023-03-02;6;19.8;70
Leicester;2023-02-27;9;21.2;75
Leicester;2023-02-22;8;20.9;74
Leicester;2023-02-16;21;26.0;92
Leicester;2023-02-14;21;22.9;81
Leicester;2023-02-12;5;22.9;81
Leicester;2023-02-11;5;23.7;84
Leicester;2023-02-10;11;24.6;87
Leicester;2023-02-09;7;24.0;85
Leicester;2023-02-06;18;21.7;77
Leicester;2023-02-03;9;20.9;74
Leicester;2023-02-02;13;22.3;79
Leicester;2023-01-29;8;18.4;65
Leicester;2023-01-26;11;16.7;59
Leicester;2023-01-25;8;15.3;54
Leicester;2023-01-20;10;18.4;65
Leicester;2023-01-14;14;24.3;86
Leicester;2023-01-13;7;23.4;83
Leicester;2023-01-05;23;48.3;171
Leicester;2022-12-31;18;51.4;182
Leicester;2022-12-28;29;49.7;176
Leicester;2022-12-26;19;61.3;217
Leicester;2022-12-25;23;65.8;233
Leicester;2022-12-24;10;68.6;243
Leicester;2022-12-20;54;65.2;231
Leicester;2022-12-17;15;60.2;213
Leicester;2022-12-14;30;59.6;211
Leicester;2022-12-12;45;65.0;230
Leicester;2022-12-11;36;62.1;220
Leicester;2022-12-10;27;56.8;201
Leicester;2022-12-09;27;52.5;186
Leicester;2022-12-07;46;50.0;177
Leicester;2022-12-06;26;44.9;159
Leicester;2022-12-04;17;41.2;146
Leicester;2022-12-03;12;42.1;149
Leicester;2022-11-30;28;46.9;166
Leicester;2022-11-23;24;38.4;136
Leicester;2022-11-18;11;39.5;140
Leicester;2022-11-16;19;41.0;145
Leicester;2022-11-10;19;40.7;144
Leicester;2022-11-07;32;42.4;150
Leicester;2022-11-05;12;37.6;133
Leicester;2022-11-03;24;40.7;144
Leicester;2022-11-02;24;42.4;150
Leicester;2022-10-31;17;45.8;162
Leicester;2022-10-25;38;56.8;201
Leicester;2022-10-22;21;69.5;246
Leicester;2022-10-17;49;87.8;311
Leicester;2022-10-16;42;85.3;302
Leicester;2022-10-12;45;71.5;253
Leicester;2022-10-11;44;72.0;255
Leicester;2022-10-07;27;63.6;225
Leicester;2022-10-01;23;48.6;172
Leicester;2022-09-30;26;48.3;171
Leicester;2022-09-21;36;42.4;150
Leicester;2022-09-20;24;34.7;123
Leicester;2022-09-19;22;36.7;130
Leicester;2022-09-14;9;30.8;109
Leicester;2022-09-12;19;27.4;97
Leicester;2022-09-05;20;39.0;138
Leicester;2022-09-03;16;35.3;125
Leicester;2022-09-01;20;31.6;112
Leicester;2022-08-30;29;29.7;105
Leicester;2022-08-26;7;28.2;100
Leicester;2022-08-22;17;37.6;133
Leicester;2022-08-20;13;39.0;138
Leicester;2022-08-17;19;47.5;168
Leicester;2022-08-16;31;52.8;187
Leicester;2022-08-15;29;52.3;185
Leicester;2022-08-14;13;57.1;202
Leicester;2022-08-11;28;60.2;213
Leicester;2022-08-05;23;74.0;262
Leicester;2022-08-03;40;78.2;277
Leicester;2022-07-30;33;89.0;315
Leicester;2022-07-29;35;89.8;318
Leicester;2022-07-28;41;97.7;346
Leicester;2022-07-27;55;106.5;377
Leicester;2022-07-25;53;120.0;425
Leicester;2022-07-23;36;129.4;458
Leicester;2022-07-22;63;135.3;479
Leicester;2022-07-19;91;163.3;578
Leicester;2022-07-17;70;181.3;642
Leicester;2022-07-14;95;188.1;666
Leicester;2022-07-09;78;204.5;724
Leicester;2022-06-26;79;148.3;525
Leicester;2022-06-24;73;145.5;515
Leicester;2022-06-18;53;111.0;393
Leicester;2022-06-16;58;105.9;375
Leicester;2022-06-15;68;108.5;384
Leicester;2022-06-14;78;101.7;360
Leicester;2022-06-11;23;89.8;318
Leicester;2022-06-06;57;62.4;221
Leicester;2022-06-04;26;55.1;195
Leicester;2022-06-03;40;51.4;182
Leicester;2022-05-31;16;43.2;153
Leicester;2022-05-29;20;40.4;143
Leicester;2022-05-24;22;42.7;151
Leicester;2022-05-23;31;48.0;170
Leicester;2022-05-22;18;49.7;176
Leicester;2022-05-20;15;55.9;198
Leicester;2022-05-10;40;74.3;263
Leicester;2022-05-05;39;76.8;272
Leicester;2022-05-04;54;74.6;264
Leicester;2022-05-03;46;74.6;264
Leicester;2022-04-30;28;84.7;300
Leicester;2022-04-28;31;93.8;332
Leicester;2022-04-20;77;143.5;508
Leicester;2022-04-19;80;150.3;532
Leicester;2022-04-17;45;169.8;601
Leicester;2022-04-16;65;182.5;646
Leicester;2022-04-08;90;262.1;928
Leicester;2022-04-02;113;392.3;1389
Leicester;2022-04-01;153;411.5;1457
Leicester;2022-03-28;303;459.3;1626
Leicester;2022-03-25;176;451.9;1600
Leicester;2022-03-24;215;451.4;1598
Leicester;2022-03-21;306;416.3;1474
Leicester;2022-03-20;181;402.8;1426
Leicester;2022-03-19;171;399.7;1415
Leicester;2022-03-15;216;365.2;1293
Leicester;2022-03-14;258;353.4;1251
Leicester;2022-03-13;170;328.2;1162
Leicester;2022-03-11;170;299.4;1060
Leicester;2022-03-05;99;230.8;817
Leicester;2022-03-04;121;216.1;765
Leicester;2022-02-27;85;178.5;632
Leicester;2022-02-24;81;216.4;766
Leicester;2022-02-21;150;243.2;861
Leicester;2022-02-18;119;237.8;842
Leicester;2022-02-15;138;268.3;950
Leicester;2022-02-14;161;289.5;1025
Leicester;2022-02-06;176;592.9;2099
Leicester;2022-02-02;385;797.4;2823
Leicester;2022-01-31;487;899.1;3183
Leicester;2022-01-27;462;1054.1;3732
Leicester;2022-01-24;686;1186.3;4200
Leicester;2022-01-22;415;1264.8;4478
Leicester;2022-01-21;518;1285.7;4552
Leicester;2022-01-17;835;1304.4;4618
Leicester;2022-01-14;545;1373.6;4863
Leicester;2022-01-11;808;1805.2;6391
Leicester;2022-01-10;948;2067.9;7321
Leicester;2022-01-09;639;2180.9;7721
Leicester;2022-01-07;810;2315.9;8199
Leicester;2022-01-05;1366;2400.0;8497
Leicester;2022-01-04;1738;2437.0;8628
Leicester;2021-12-17;422;692.9;2453
Leicester;2021-12-14;382;488.7;1730
Leicester;2021-12-12;194;425.9;1508
Leicester;2021-12-06;260;420.0;1487
Leicester;2021-12-03;158;388.1;1374
Leicester;2021-12-02;219;385.6;1365
Leicester;2021-11-28;134;354.5;1255
Leicester;2021-11-25;160;377.6;1337
Leicester;2021-11-24;208;382.2;1353
Leicester;2021-11-19;194;398.5;1411
Leicester;2021-11-14;147;400.2;1417
Leicester;2021-11-13;168;407.0;1441
Leicester;2021-11-12;197;400.0;1416
Leicester;2021-11-11;193;388.9;1377
Leicester;2021-11-10;245;377.6;1337
Leicester;2021-11-04;153;310.7;1100
Leicester;2021-11-03;182;319.5;1131
Leicester;2021-11-02;174;323.1;1144
Leicester;2021-10-30;122;386.4;1368
Leicester;2021-10-29;156;405.9;1437
Leicester;2021-10-27;195;428.2;1516
Leicester;2021-10-26;223;433.9;1536
Leicester;2021-10-21;201;334.4;1184
Leicester;2021-10-19;195;313.8;1111
Leicester;2021-10-16;121;307.6;1089
Leicester;2021-10-14;168;303.6;1075
Leicester;2021-10-12;166;295.2;1045
Leicester;2021-10-11;201;300.5;1064
Leicester;2021-10-10;120;298.8;1058
Leicester;2021-10-08;113;294.6;1043
Leicester;2021-10-07;155;298.8;1058
Leicester;2021-10-06;158;296.6;1050
Leicester;2021-10-05;185;299.4;1060
Leicester;2021-10-04;195;298.6;1057
Leicester;2021-09-23;170;360.1;1275
Leicester;2021-09-16;212;392.9;1391
Leicester;2021-09-11;153;431.6;1528
Leicester;2021-09-06;308;433.3;1534
Leicester;2021-09-01;218;389.5;1379
Leicester;2021-08-30;172;392.1;1388
Leicester;2021-08-21;185;439.5;1556
Leicester;2021-08-20;212;436.1;1544
Leicester;2021-08-17;260;425.9;1508
Leicester;2021-08-16;256;414.4;1467
Leicester;2021-08-13;200;409.0;1448
Leicester;2021-08-10;219;409.0;1448
Leicester;2021-08-05;216;381.3;1350
Leicester;2021-08-01;139;357.0;1264
Leicester;2021-07-30;172;358.2;1268
Leicester;2021-07-29;218;349.1;1236
Leicester;2021-07-28;213;340.1;1204
Leicester;2021-07-24;117;354.5;1255
Leicester;2021-07-22;186;411.8;1458
Leicester;2021-07-15;275;346.6;1227
Leicester;2021-07-11;123;277.1;981
Leicester;2021-07-10;106;268.3;950
Leicester;2021-07-08;141;258.7;916
Leicester;2021-07-04;92;217.2;769
Leicester;2021-06-30;117;173.7;615
Leicester;2021-06-26;58;142.9;506
Leicester;2021-06-25;77;144.3;511
Leicester;2021-06-19;63;126.0;446
Leicester;2021-06-18;68;121.7;431
Leicester;2021-06-17;60;120.9;428
Leicester;2021-06-15;79;122.9;435
Leicester;2021-06-11;65;131.1;464
Leicester;2021-06-10;55;131.9;467
Leicester;2021-06-01;64;93.5;331
Leicester;2021-05-31;42;87.3;309
Leicester;2021-05-24;44;69.2;245
Leicester;2021-05-23;24;66.4;235
Leicester;2021-05-21;33;62.7;222
Leicester;2021-05-16;28;54.8;194
Leicester;2021-05-14;29;52.0;184
Leicester;2021-05-13;30;49.1;174
Leicester;2021-05-09;21;42.9;152
Leicester;2021-05-08;18;39.8;141
Leicester;2021-05-04;23;35.3;125
Leicester;2021-05-01;16;41.8;148
Leicester;2021-04-30;11;44.3;157
Leicester;2021-04-25;20;57.9;205
Leicester;2021-04-24;25;60.2;213
Leicester;2021-04-21;38;63.8;226
Leicester;2021-04-20;33;62.7;222
Leicester;2021-04-14;34;77.7;275
Leicester;2021-04-13;36;78.2;277
Leicester;2021-04-10;25;80.8;286
Leicester;2021-04-06;62;89.5;317
Leicester;2021-04-04;39;90.1;319
Leicester;2021-04-03;45;91.5;324
Leicester;2021-03-30;57;107.6;381
Leicester;2021-03-23;60;109.3;387
Leicester;2021-03-22;56;110.7;392
Leicester;2021-03-21;43;112.7;399
Leicester;2021-03-19;55;110.4;391
Leicester;2021-03-18;64;109.3;387
Leicester;2021-03-16;65;116.4;412
Leicester;2021-03-10;71;124.3;440
Leicester;2021-03-09;66;123.7;438
Leicester;2021-03-08;67;132.2;468
Leicester;2021-03-05;78;142.9;506
Leicester;2021-03-04;60;149.4;529
Leicester;2021-03-02;96;174.6;618
Leicester;2021-02-28;56;200.8;711
Leicester;2021-02-27;57;211.3;748
Leicester;2021-02-26;101;221.7;785
Leicester;2021-02-25;102;231.9;821
Leicester;2021-02-21;93;261.0;924
Leicester;2021-02-20;94;264.1;935
Leicester;2021-02-16;142;270.3;957
Leicester;2021-02-14;104;264.9;938
Leicester;2021-02-09;149;282.5;1000
Leicester;2021-02-08;153;292.6;1036
Leicester;2021-02-05;131;323.4;1145
Leicester;2021-02-01;196;389.2;1378
Leicester;2021-01-31;145;383.3;1357
Leicester;2021-01-28;214;399.4;1414
Leicester;2021-01-27;241;416.6;1475
Leicester;2021-01-26;245;434.7;1539
Leicester;2021-01-22;254;577.9;2046
Leicester;2021-01-13;272;547.4;1938
Leicester;2021-01-11;322;549.4;1945
Leicester;2021-01-05;323;564.1;1997
Leicester;2021-01-03;304;529.9;1876
Leicester;2020-12-31;258;444.9;1575
Leicester;2020-12-30;288;407.9;1444
Leicester;2020-12-25;91;303.6;1075
Leicester;2020-12-23;194;326.5;1156
Leicester;2020-12-20;139;324.3;1148
Leicester;2020-12-18;134;303.4;1074
Leicester;2020-12-16;173;294.6;1043
Leicester;2020-12-15;184;290.9;1030
Leicester;2020-12-10;144;259.0;917
Leicester;2020-12-06;126;264.1;935
Leicester;2020-12-04;123;252.5;894
Leicester;2020-12-02;109;252.2;893
Leicester;2020-11-30;168;271.2;960
Leicester;2020-11-26;150;322.3;1141
Leicester;2020-11-20;183;419.7;1486
Leicester;2020-11-19;162;435.0;1540
Leicester;2020-11-18;239;460.4;1630
Leicester;2020-11-17;246;483.3;1711
Leicester;2020-11-14;200;533.0;1887
Leicester;2020-11-10;302;500.5;1772
Leicester;2020-11-05;242;415.2;1470
Leicester;2020-10-31;150;382.4;1354
Leicester;2020-10-26;204;369.5;1308
Leicester;2020-10-22;191;305.6;1082
Leicester;2020-10-15;134;254.2;900
Leicester;2020-10-11;115;220.0;779
Leicester;2020-10-09;107;203.9;722
Leicester;2020-10-07;139;185.6;657
Leicester;2020-09-30;88;116.7;413
Leicester;2020-09-29;82;109.3;387
Leicester;2020-09-26;58;110.4;391
Leicester;2020-09-23;62;128.2;454
Leicester;2020-09-18;77;107.1;379
Leicester;2020-09-13;30;94.3;334
Leicester;2020-09-09;57;84.2;298
Leicester;2020-09-08;56;81.1;287
Leicester;2020-09-07;60;74.9;265
Leicester;2020-09-03;30;46.0;163
Leicester;2020-09-02;46;41.0;145
Leicester;2020-09-01;34;31.4;111
Leicester;2020-08-30;10;26.0;92
Leicester;2020-08-29;9;26.0;92
Leicester;2020-08-28;19;26.0;92
Leicester;2020-08-25;11;32.2;114
Leicester;2020-08-24;19;39.0;138
Leicester;2020-08-23;10;47.5;168
Leicester;2020-08-20;21;51.4;182
Leicester;2020-08-19;20;55.1;195
Leicester;2020-08-18;35;57.1;202
Leicester;2020-08-12;27;66.7;236
Leicester;2020-08-11;30;72.6;257
Leicester;2020-08-09;20;70.9;251
Leicester;2020-08-07;38;66.1;234
Leicester;2020-07-22;48;69.2;245
Leicester;2020-07-21;28;66.7;236
Leicester;2020-07-20;32;69.8;247
Leicester;2020-07-09;44;121.2;429
Leicester;2020-07-05;80;128.0;453
Leicester;2020-07-03;64;119.2;422
Leicester;2020-06-27;52;153.9;545
Leicester;2020-06-25;74;160.4;568
Leicester;2020-06-24;98;160.4;568
Leicester;2020-06-22;93;146.3;518
Leicester;2020-06-20;66;141.2;500
Leicester;2020-06-19;80;139.0;492
Leicester;2020-06-17;68;132.8;470
Leicester;2020-06-15;77;128.5;455
Leicester;2020-06-13;58;118.9;421
Leicester;2020-05-31;26;53.1;188
Leicester;2020-05-30;22;51.7;183
Leicester;2020-05-27;31;57.6;204
Leicester;2020-05-26;24;60.4;214
Leicester;2020-05-23;30;72.0;255
Leicester;2020-05-22;23;80.5;285
Leicester;2020-05-20;41;80.8;286
Leicester;2020-05-19;45;79.9;283
Leicester;2020-05-18;33;78.5;278
Leicester;2020-05-17;34;78.5;278
Leicester;2020-05-16;60;76.5;271
Leicester;2020-05-11;33;62.7;222
Leicester;2020-05-10;27;63.8;226
Leicester;2020-05-06;55;57.6;204
Leicester;2020-04-23;23;44.3;157
Leicester;2020-04-16;10;31.1;110
Leicester;2020-04-14;14;38.4;136
Leicester;2020-04-12;24;46.0;163
Leicester;2020-04-10;20;44.3;157
Leicester;2020-04-09;31;46.0;163
Leicester;2020-04-04;15;37.0;131
Leicester;2020-04-03;26;35.9;127
Leicester;2020-04-02;24;30.8;109
Leicester;2020-03-29;1;19.5;69
Leicester;2020-03-28;11;21.2;75
Leicester;2020-03-25;5;15.8;56
Leicester;2020-03-24;20;15.8;56
Leicester;2020-03-22;7;8.5;30
Leicester;2020-03-19;6;4.8;17
Leicester;2020-03-18;5;3.4;12
Leicester;2020-03-17;3;2.3;8
England;2023-12-08;882;10.1;5723
England;2023-12-07;807;9.5;5379
England;2023-12-01;538;7.5;4217
England;2023-11-29;727;7.3;4131
England;2023-11-25;424;7.0;3975
England;2023-11-24;545;7.1;4000
England;2023-11-23;562;7.0;3965
England;2023-11-19;547;7.6;4296
England;2023-11-17;510;7.4;4184
England;2023-11-16;662;7.0;3949
England;2023-11-06;780;9.6;5417
England;2023-10-31;954;11.5;6515
England;2023-10-27;932;12.6;7148
England;2023-10-24;1151;14.2;8042
England;2023-10-18;1395;17.0;9600
England;2023-10-17;1411;17.9;10099
England;2023-10-15;1219;20.3;11504
England;2023-10-10;2027;26.2;14812
England;2023-10-07;1666;28.6;16146
England;2023-10-03;2658;29.5;16701
England;2023-09-29;2125;28.2;15931
England;2023-09-26;2698;25.1;14219
England;2023-09-25;2561;23.8;13471
England;2023-09-22;1680;21.6;12200
England;2023-09-15;1341;19.1;10808
England;2023-09-14;1532;19.5;11015
England;2023-09-10;1580;21.0;11890
England;2023-09-09;1334;21.1;11947
England;2023-09-06;1860;20.6;11642
England;2023-09-03;1637;17.4;9867
England;2023-09-02;1327;16.1;9131
England;2023-08-31;1446;14.4;8136
England;2023-08-28;1089;12.7;7205
England;2023-08-27;901;12.9;7298
England;2023-08-23;1096;12.9;7304
England;2023-08-16;1070;12.4;6998
England;2023-08-14;1098;12.3;6958
England;2023-08-12;853;11.9;6732
England;2023-08-10;990;11.3;6412
England;2023-08-06;827;9.9;5603
England;2023-08-04;771;9.7;5476
England;2023-08-02;824;9.1;5152
England;2023-07-28;625;7.2;4060
England;2023-07-26;622;6.6;3747
England;2023-07-07;350;3.8;2138
England;2023-07-02;264;3.3;1861
England;2023-07-01;209;3.4;1900
England;2023-06-30;236;3.4;1950
England;2023-06-22;346;4.5;2557
England;2023-06-21;371;4.6;2596
England;2023-06-19;421;5.0;2801
England;2023-06-17;333;5.5;3132
England;2023-06-16;340;5.6;3181
England;2023-06-15;385;5.9;3310
England;2023-06-12;585;7.0;3970
England;2023-06-11;517;7.4;4191
England;2023-06-06;757;8.3;4715
England;2023-06-05;806;8.4;4738
England;2023-06-01;674;8.6;4884
England;2023-05-31;813;8.9;5031
England;2023-05-29;746;9.6;5401
England;2023-05-28;596;10.2;5750
England;2023-05-26;708;10.9;6185
England;2023-05-25;821;11.2;6358
England;2023-05-24;922;11.5;6511
England;2023-05-21;881;11.8;6652
England;2023-05-20;717;12.0;6801
England;2023-05-18;974;12.3;6933
England;2023-05-17;991;12.7;7155
England;2023-05-14;1030;14.1;7998
England;2023-05-09;1447;16.0;9021
England;2023-04-29;1211;18.4;10405
England;2023-04-26;1569;18.3;10333
England;2023-04-25;1604;18.5;10468
England;2023-04-22;1191;20.1;11376
England;2023-04-14;1553;23.1;13076
England;2023-04-13;1880;23.2;13122
England;2023-04-12;2055;23.4;13208
England;2023-04-10;2133;23.5;13294
England;2023-04-08;1531;25.2;14224
England;2023-04-07;1599;26.1;14776
England;2023-04-05;2237;29.7;16770
England;2023-04-04;2185;31.8;17971
England;2023-04-03;2457;34.3;19383
England;2023-04-01;2083;38.5;21757
England;2023-03-31;2509;39.6;22422
England;2023-03-29;3438;43.5;24576
England;2023-03-28;3597;45.0;25461
England;2023-03-27;3924;47.1;26611
England;2023-03-23;3969;50.0;28275
England;2023-03-21;4747;50.8;28705
England;2023-03-18;3105;52.9;29933
England;2023-03-17;3718;52.9;29912
England;2023-03-15;4371;52.0;29396
England;2023-03-14;5073;51.9;29343
England;2023-03-10;3592;47.1;26630
England;2023-03-05;3155;44.5;25153
England;2023-03-04;2572;44.0;24899
England;2023-03-03;3421;44.0;24856
England;2023-03-02;3565;43.4;24547
England;2023-02-27;4319;43.4;24517
England;2023-02-26;2901;43.8;24750
England;2023-02-24;3112;45.4;25662
England;2023-02-18;2907;46.7;26411
England;2023-02-16;4005;44.5;25171
England;2023-02-10;3051;37.6;21284
England;2023-02-08;3335;37.0;20897
England;2023-02-07;3395;36.7;20776
England;2023-02-05;2616;35.9;20310
England;2023-02-04;2223;35.3;19943
England;2023-01-31;3280;31.2;17631
England;2023-01-30;3270;29.9;16901
England;2023-01-23;2382;22.9;12925
England;2023-01-22;1747;22.7;12850
England;2023-01-19;1808;22.8;12909
England;2023-01-18;1901;23.5;13305
England;2023-01-11;2373;36.9;20886
England;2023-01-08;2501;49.3;27882
England;2023-01-06;3412;53.4;30193
England;2023-01-04;5009;62.1;35090
England;2023-01-03;5739;66.6;37690
England;2023-01-02;4636;67.1;37928
England;2022-12-31;3891;66.9;37835
England;2022-12-26;4499;67.2;38002
England;2022-12-25;3382;73.8;41743
England;2022-12-24;3777;77.1;43573
England;2022-12-21;7042;77.2;43677
England;2022-12-20;7836;75.3;42597
England;2022-12-12;6356;55.1;31182
England;2022-12-11;4223;52.5;29676
England;2022-12-06;4761;45.3;25598
England;2022-12-01;3214;40.9;23125
England;2022-11-29;3972;39.9;22550
England;2022-11-26;2304;36.8;20802
England;2022-11-21;3549;34.8;19666
England;2022-11-19;2207;34.7;19645
England;2022-11-18;2501;34.7;19610
England;2022-11-16;2933;35.0;19774
England;2022-11-14;3494;35.8;20246
England;2022-11-13;2647;36.5;20631
England;2022-11-10;2806;37.7;21301
England;2022-11-08;3380;39.2;22170
England;2022-11-07;3879;40.5;22881
England;2022-11-06;2917;41.8;23635
England;2022-11-03;3261;47.0;26554
England;2022-10-27;4372;63.5;35921
England;2022-10-26;4924;66.5;37624
England;2022-10-25;5181;70.3;39742
England;2022-10-23;5011;80.3;45385
England;2022-10-19;7042;92.3;52181
England;2022-10-18;7667;94.2;53263
England;2022-10-16;7257;97.1;54908
England;2022-10-13;7563;101.2;57231
England;2022-10-11;8781;105.9;59907
England;2022-09-30;7099;88.4;49993
England;2022-09-28;7806;84.6;47842
England;2022-09-20;7200;57.3;32415
England;2022-09-17;3188;51.0;28819
England;2022-09-12;4758;45.2;25551
England;2022-09-11;3890;44.5;25178
England;2022-09-05;4385;47.0;26562
England;2022-09-03;2971;44.6;25236
England;2022-08-29;3936;41.9;23676
England;2022-08-28;2882;43.0;24315
England;2022-08-26;2997;45.0;25433
England;2022-08-21;3547;51.2;28959
England;2022-08-19;3492;55.0;31112
England;2022-08-17;4421;59.9;33858
England;2022-08-13;3978;70.4;39793
England;2022-08-11;5446;73.8;41745
England;2022-08-10;6003;75.7;42823
England;2022-08-02;8165;100.1;56622
England;2022-08-01;8814;104.2;58939
England;2022-07-27;9435;132.5;74939
England;2022-07-25;11929;149.3;84421
England;2022-07-23;8909;167.8;94897
England;2022-07-20;14533;197.5;111663
England;2022-07-19;14866;210.0;118769
England;2022-07-18;16919;226.8;128280
England;2022-07-14;19340;277.9;157127
England;2022-07-06;26741;305.2;172585
England;2022-07-04;30388;285.3;161315
England;2022-07-01;21067;248.6;140582
England;2022-06-28;21869;223.5;126370
England;2022-06-27;21896;215.8;122032
England;2022-06-20;16918;162.1;91678
England;2022-06-19;14524;155.1;87714
England;2022-06-18;11634;148.4;83908
England;2022-06-17;11640;142.8;80742
England;2022-06-15;12387;134.3;75929
England;2022-06-12;10718;118.8;67162
England;2022-06-10;9153;110.7;62604
England;2022-06-06;9798;82.3;46533
England;2022-06-05;8350;75.4;42663
England;2022-06-02;5081;63.3;35788
England;2022-05-28;4153;63.0;35647
England;2022-05-26;4819;64.2;36292
England;2022-05-25;5189;65.9;37258
England;2022-05-16;7883;83.7;47341
England;2022-05-09;8876;106.0;59942
England;2022-05-05;8592;110.4;62446
England;2022-05-04;9783;111.2;62910
England;2022-05-03;11155;111.8;63247
England;2022-05-02;10343;112.1;63385
England;2022-04-29;7992;131.4;74304
England;2022-04-23;10573;198.1;112015
England;2022-04-22;12526;207.8;117533
England;2022-04-21;14520;216.3;122313
England;2022-04-20;16973;228.5;129227
England;2022-04-15;17306;302.2;170880
England;2022-04-14;21434;320.0;180965
England;2022-04-12;27382;358.4;202660
England;2022-04-09;23013;424.7;240179
England;2022-04-05;40393;533.5;301719
England;2022-04-04;45140;581.4;328767
England;2022-04-03;35606;641.1;362536
England;2022-04-02;31609;680.7;384930
England;2022-03-30;62750;791.8;447736
England;2022-03-28;78909;843.5;476990
England;2022-03-23;77600;886.0;501061
England;2022-03-20;66907;847.5;479278
England;2022-03-19;55211;835.8;472642
England;2022-03-17;67687;808.1;456958
England;2022-03-15;74101;751.7;425109
England;2022-03-14;79517;713.3;403351
England;2022-03-10;54298;544.9;308142
England;2022-03-05;28509;371.2;209902
England;2022-03-04;30605;351.9;198997
England;2022-03-03;31533;332.3;187925
England;2022-02-26;17604;308.6;174492
England;2022-02-20;28411;417.3;236011
England;2022-02-19;26429;424.3;239926
England;2022-02-10;41331;630.2;356390
England;2022-02-09;51013;670.4;379091
England;2022-02-08;55437;710.8;401986
England;2022-02-06;50148;797.3;450890
England;2022-02-04;52556;876.2;495513
England;2022-02-03;64032;910.1;514639
England;2022-02-02;73908;943.1;533333
England;2022-01-29;63024;1070.5;605389
England;2022-01-24;109233;1123.0;635040
England;2022-01-23;88558;1132.8;640583
England;2022-01-22;70483;1127.5;637624
England;2022-01-21;79172;1122.8;634962
England;2022-01-19;97335;1110.8;628145
England;2022-01-13;84132;1168.6;660836
England;2022-01-11;100979;1452.3;821288
England;2022-01-09;83081;1825.7;1032456
England;2022-01-05;183798;2132.5;1205912
England;2021-12-26;98918;1412.4;798731
England;2021-12-25;59912;1376.3;778310
England;2021-12-20;117577;1139.1;644147
England;2021-12-18;78930;1009.6;570947
England;2021-12-17;84967;944.2;533957
England;2021-12-16;93804;873.6;494008
England;2021-12-12;46367;586.2;331470
England;2021-12-08;50059;530.5;300012
England;2021-12-06;51123;524.7;296702
England;2021-12-04;33380;517.0;292338
England;2021-12-03;39222;508.3;287417
England;2021-11-29;47939;463.2;261960
England;2021-11-26;33666;453.1;256203
England;2021-11-24;39881;452.1;255677
England;2021-11-21;31761;444.4;251302
England;2021-11-20;29868;440.6;249140
England;2021-11-16;38656;421.8;238517
England;2021-11-14;29599;403.5;228201
England;2021-11-04;27379;384.7;217568
England;2021-11-03;29396;398.3;225266
England;2021-11-02;31328;411.0;232394
England;2021-10-24;30091;478.8;270775
England;2021-10-21;38581;499.0;282202
England;2021-10-17;37501;476.7;269587
England;2021-10-16;31639;466.1;263585
England;2021-10-15;36631;458.2;259126
England;2021-10-10;31499;392.5;221976
England;2021-10-08;29848;375.4;212308
England;2021-10-05;32269;349.0;197386
England;2021-10-02;21873;340.5;192541
England;2021-09-24;25754;338.2;191265
England;2021-09-23;28340;332.2;187886
England;2021-09-22;28788;321.6;181866
England;2021-09-20;32121;296.3;167586
England;2021-09-19;24789;284.1;160664
England;2021-09-17;22375;264.9;149784
England;2021-08-31;33565;312.0;176464
England;2021-08-29;19152;312.1;176471
England;2021-08-27;24253;322.2;182195
England;2021-08-15;21280;318.9;180335
England;2021-08-12;27690;314.2;177692
England;2021-08-10;27610;314.6;177888
England;2021-08-07;19957;308.0;174185
England;2021-08-05;28126;300.5;169936
England;2021-08-03;27062;292.1;165201
England;2021-07-31;18450;291.9;165070
England;2021-07-24;20276;383.3;216761
England;2021-07-21;31676;509.6;288190
England;2021-07-17;35281;540.2;305464
England;2021-07-15;57583;483.7;273506
England;2021-07-13;43247;406.4;229806
England;2021-07-12;40477;385.8;218186
England;2021-07-07;34274;327.3;185114
England;2021-07-06;31627;309.1;174781
England;2021-07-05;30215;294.3;166404
England;2021-06-29;23250;213.0;120445
England;2021-06-21;12707;114.8;64896
England;2021-06-20;8203;108.1;61130
England;2021-06-19;7127;104.3;59002
England;2021-06-16;9411;92.4;52230
England;2021-06-14;8941;83.5;47215
England;2021-06-10;6718;71.9;40638
England;2021-06-08;6630;65.7;37171
England;2021-06-05;3964;51.8;29303
England;2021-06-01;4515;38.8;21928
England;2021-05-26;3179;28.5;16122
England;2021-05-22;1606;24.6;13908
England;2021-05-21;1872;24.1;13608
England;2021-05-19;2261;23.0;13013
England;2021-05-18;2241;22.3;12621
England;2021-05-17;2341;21.7;12252
England;2021-05-04;2200;21.4;12104
England;2021-05-03;1806;20.7;11713
England;2021-05-02;1305;21.5;12174
England;2021-04-29;1901;23.0;13028
England;2021-04-28;2153;23.3;13159
England;2021-04-27;1809;23.5;13304
England;2021-04-22;2032;25.4;14352
England;2021-04-21;2298;25.3;14279
England;2021-04-19;2268;24.8;13997
England;2021-04-12;2399;30.2;17069
England;2021-04-03;2121;38.6;21810
England;2021-04-02;2248;40.4;22825
England;2021-04-01;3067;43.1;24380
England;2021-03-31;3340;46.0;25987
England;2021-03-30;3135;49.5;27968
England;2021-03-28;4477;55.5;31377
England;2021-03-27;3136;55.8;31579
England;2021-03-26;3803;56.5;31957
England;2021-03-15;5643;58.8;33267
England;2021-03-13;3592;59.1;33412
England;2021-03-10;5222;59.7;33776
England;2021-03-09;5488;59.9;33859
England;2021-03-05;4728;62.9;35575
England;2021-02-26;5883;94.5;53447
England;2021-02-25;6934;100.5;56810
England;2021-02-18;10303;126.9;71735
England;2021-02-17;10419;129.2;73069
England;2021-02-16;11268;132.5;74922
England;2021-02-15;12953;135.0;76350
England;2021-02-05;14461;208.2;117746
England;2021-02-01;20765;251.9;142422
England;2021-01-27;23899;302.0;170763
England;2021-01-25;27972;338.4;191388
England;2021-01-24;15883;363.1;205351
England;2021-01-19;37055;449.5;254219
England;2021-01-14;39658;521.9;295110
England;2021-01-11;53519;579.4;327665
England;2021-01-10;33749;610.2;345066
England;2021-01-09;36419;640.1;361981
England;2021-01-06;52752;647.3;366067
England;2021-01-05;59600;667.7;377558
England;2021-01-04;70920;693.2;392016
England;2021-01-02;55428;626.9;354527
England;2020-12-31;47824;566.9;320608
England;2020-12-28;40845;431.3;243894
England;2020-12-24;29287;419.2;237034
England;2020-12-15;29652;267.2;151119
England;2020-12-09;17744;176.0;99508
England;2020-12-06;11036;158.8;89786
England;2020-12-05;10302;155.3;87818
England;2020-12-04;13065;153.6;86863
England;2020-12-01;13731;152.9;86447
England;2020-11-30;15228;153.8;86982
England;2020-11-28;9347;158.0;89374
England;2020-11-27;12459;160.6;90833
England;2020-11-23;16472;190.0;107473
England;2020-11-22;10216;203.6;115137
England;2020-11-21;10806;211.0;119343
England;2020-11-19;15797;233.2;131875
England;2020-11-18;18545;244.7;138398
England;2020-11-14;16290;278.3;157351
England;2020-11-10;24836;268.8;151994
England;2020-10-30;19899;232.7;131564
England;2020-10-28;20547;229.2;129633
England;2020-10-22;19866;220.8;124865
England;2020-10-21;21762;213.0;120427
England;2020-10-20;21638;203.9;115311
England;2020-10-18;11982;182.8;103384
England;2020-10-17;12487;178.9;101183
England;2020-10-12;16420;168.0;94989
England;2020-10-09;13159;163.6;92491
England;2020-10-08;15452;161.0;91051
England;2020-09-27;6084;71.3;40314
England;2020-09-24;6361;62.9;35578
England;2020-09-21;4727;50.7;28698
England;2020-09-20;4652;47.6;26912
England;2020-09-13;1722;34.4;19476
England;2020-09-11;2893;35.0;19809
England;2020-09-09;2893;33.8;19126
England;2020-09-08;3071;33.5;18929
England;2020-09-07;3530;31.5;17820
England;2020-09-03;2716;21.4;12086
England;2020-09-01;1962;16.3;9211
England;2020-08-30;987;14.5;8211
England;2020-08-29;1051;14.0;7928
England;2020-08-26;1181;12.6;7143
England;2020-08-24;1156;12.3;6941
England;2020-08-20;1254;11.9;6726
England;2020-08-14;1059;12.5;7060
England;2020-08-12;1126;12.1;6862
England;2020-08-08;648;10.5;5964
England;2020-08-04;965;9.7;5471
England;2020-08-01;508;9.1;5163
England;2020-07-31;644;9.1;5154
England;2020-07-29;994;9.0;5092
England;2020-07-28;796;8.6;4862
England;2020-07-22;764;7.6;4314
England;2020-07-17;548;7.2;4056
England;2020-07-16;644;7.1;4032
England;2020-07-15;726;7.2;4076
England;2020-07-12;351;6.9;3906
England;2020-07-10;524;7.2;4052
England;2020-07-04;385;6.6;3746
England;2020-06-26;640;8.4;4739
England;2020-06-23;727;9.5;5394
England;2020-06-20;626;10.6;5988
England;2020-06-18;938;11.1;6267
England;2020-06-16;996;11.3;6416
England;2020-06-15;944;11.5;6486
England;2020-06-11;915;11.4;6468
England;2020-06-09;1066;12.1;6865
England;2020-06-07;668;13.3;7493
England;2020-06-04;1147;14.9;8450
England;2020-06-01;1319;16.5;9339
England;2020-05-28;1575;18.3;10354
England;2020-05-27;1616;19.6;11056
England;2020-05-26;1461;20.9;11799
England;2020-05-24;1206;24.4;13777
England;2020-05-22;1798;25.9;14636
England;2020-05-14;2222;31.1;17581
England;2020-05-11;3088;33.8;19137
England;2020-05-10;2013;33.4;18900
England;2020-05-09;1797;34.5;19535
England;2020-05-07;3205;38.9;21987
England;2020-05-03;2648;47.3;26739
England;2020-04-28;4113;50.3;28425
England;2020-04-22;4812;50.6;28590
England;2020-04-21;3996;49.5;28018
England;2020-04-20;3698;48.8;27590
England;2020-04-19;3494;48.4;27355
England;2020-04-16;4360;44.7;25264
England;2020-04-14;3568;44.3;25055
England;2020-04-13;3463;46.1;26092
England;2020-04-12;2958;47.8;27036
England;2020-04-11;3085;48.0;27172
England;2020-04-08;4315;49.6;28025
England;2020-04-07;4605;49.3;27860
England;2020-04-05;3094;46.3;26178
England;2020-04-04;3405;45.2;25533
England;2020-03-31;3816;34.9;19748
England;2020-03-25;2284;18.8;10615
England;2020-03-24;2041;16.3;9241
England;2020-03-23;2010;13.9;7883
England;2020-03-16;552;4.7;2674
England;2020-03-15;398;4.0;2249
England;2020-03-10;229;1.1;630
England;2020-03-07;55;0.6;335
England;2020-03-05;46;0.4;221
England;2020-03-04;49;0.3;182
England;2020-03-03;53;0.2;134
England;2020-02-25;3;;13
England;2020-02-23;6;;9
England;2020-02-22;0;;3
England;2020-02-20;0;;1
England;2020-02-17;1;;7
England;2020-02-06;0;;20
Leicester;2023-12-08;4;7.3;26
Leicester;2023-12-07;3;8.2;29
Leicester;2023-12-05;7;6.8;24
Leicester;2023-12-01;7;7.1;25
Leicester;2023-11-27;2;4.5;16
Leicester;2023-11-26;2;5.6;20
Leicester;2023-11-23;1;5.1;18
Leicester;2023-11-20;6;7.6;27
Leicester;2023-11-19;3;6.5;23
Leicester;2023-11-12;5;7.6;27
Leicester;2023-11-11;2;7.1;25
Leicester;2023-11-08;3;8.5;30
Leicester;2023-11-07;7;8.8;31
Leicester;2023-11-05;3;6.5;23
Leicester;2023-11-04;5;6.8;24
Leicester;2023-11-03;6;7.1;25
Leicester;2023-11-01;4;8.8;31
Leicester;2023-10-31;3;8.8;31
Leicester;2023-10-28;6;11.3;40
Leicester;2023-10-25;4;10.7;38
Leicester;2023-10-24;9;10.2;36
Leicester;2023-10-21;5;10.7;38
Leicester;2023-10-19;5;9.9;35
Leicester;2023-10-17;6;13.8;49
Leicester;2023-10-16;7;16.1;57
Leicester;2023-10-14;3;15.3;54
Leicester;2023-10-12;13;18.6;66
Leicester;2023-10-10;14;19.8;70
Leicester;2023-10-07;12;21.5;76
Leicester;2023-10-06;8;21.2;75
Leicester;2023-10-05;8;22.3;79
Leicester;2023-10-01;6;21.7;77
Leicester;2023-09-28;17;19.8;70
Leicester;2023-09-27;13;16.9;60
Leicester;2023-09-26;10;15.5;55
Leicester;2023-09-25;8;14.1;50
Leicester;2023-09-19;5;16.4;58
Leicester;2023-09-18;8;17.2;61
Leicester;2023-09-16;7;16.7;59
Leicester;2023-09-13;12;15.5;55
Leicester;2023-09-11;7;14.7;52
Leicester;2023-09-04;10;15.3;54
Leicester;2023-09-03;9;13.6;48
Leicester;2023-09-02;6;11.9;42
Leicester;2023-08-30;6;10.7;38
Leicester;2023-08-29;12;10.5;37
Leicester;2023-08-28;4;9.6;34
Leicester;2023-08-15;8;14.7;52
Leicester;2023-08-12;2;11.0;39
Leicester;2023-08-09;5;8.5;30
Leicester;2023-08-06;4;4.5;16
Leicester;2023-08-03;3;2.8;10
Leicester;2023-07-31;0;1.7;6
Leicester;2023-07-30;0;1.7;6
Leicester;2023-07-29;2;2.5;9
Leicester;2023-07-21;1;2.0;7
Leicester;2023-07-20;3;1.7;6
Leicester;2023-07-14;0;3.7;13
Leicester;2023-07-11;4;4.2;15
Leicester;2023-07-08;3;3.1;11
Leicester;2023-06-28;1;2.3;8
Leicester;2023-06-26;0;2.5;9
Leicester;2023-06-22;2;3.7;13
Leicester;2023-06-18;1;4.5;16
Leicester;2023-06-16;2;4.8;17
Leicester;2023-06-15;1;5.4;19
Leicester;2023-06-13;2;5.6;20
Leicester;2023-06-09;4;5.1;18
Leicester;2023-06-06;3;6.8;24
Leicester;2023-05-31;10;6.5;23
Leicester;2023-05-21;7;9.6;34
Leicester;2023-05-18;4;8.5;30
Leicester;2023-05-16;4;10.5;37
Leicester;2023-05-14;4;10.2;36
Leicester;2023-05-11;8;11.6;41
Leicester;2023-05-10;6;10.7;38
Leicester;2023-05-05;3;11.3;40
Leicester;2023-05-03;7;13.6;48
Leicester;2023-05-02;9;13.6;48
Leicester;2023-04-30;3;12.1;43
Leicester;2023-04-29;6;13.6;48
Leicester;2023-04-26;7;11.3;40
Leicester;2023-04-11;11;19.2;68
Leicester;2023-04-10;19;18.9;67
Leicester;2023-04-03;7;18.4;65
Leicester;2023-04-01;5;26.3;93
Leicester;2023-03-31;13;28.2;100
Leicester;2023-03-29;8;28.8;102
Leicester;2023-03-27;24;30.5;108
Leicester;2023-03-20;15;27.7;98
Leicester;2023-03-16;17;28.2;100
Leicester;2023-03-15;19;26.0;92
Leicester;2023-03-12;17;27.7;98
Leicester;2023-02-28;19;23.2;82
Leicester;2023-02-23;16;19.5;69
Leicester;2023-02-21;12;22.3;79
Leicester;2023-02-08;16;25.7;91
Leicester;2023-02-07;19;22.9;81
Leicester;2023-02-04;8;20.6;73
Leicester;2023-02-01;6;21.7;77
Leicester;2023-01-30;14;19.8;70
Leicester;2023-01-28;9;17.5;62
Leicester;2023-01-27;14;17.8;63
Leicester;2023-01-24;6;15.8;56
Leicester;2023-01-23;9;16.1;57
Leicester;2023-01-22;5;16.4;58
Leicester;2023-01-21;10;17.2;61
Leicester;2023-01-19;6;17.5;62
Leicester;2023-01-17;7;17.8;63
Leicester;2023-01-16;10;18.9;67
Leicester;2023-01-11;8;28.5;101
Leicester;2023-01-10;11;32.5;115
Leicester;2023-01-04;22;50.3;178
Leicester;2023-01-02;22;50.0;177
Leicester;2023-01-01;15;49.1;174
Leicester;2022-12-22;31;67.8;240
Leicester;2022-12-21;42;68.6;243
Leicester;2022-12-18;33;59.3;210
Leicester;2022-12-16;30;63.6;225
Leicester;2022-12-15;34;62.7;222
Leicester;2022-12-13;23;64.1;227
Leicester;2022-12-02;29;41.8;148
Leicester;2022-12-01;12;42.1;149
Leicester;2022-11-29;22;45.8;162
Leicester;2022-11-28;26;47.5;168
Leicester;2022-11-26;11;46.3;164
Leicester;2022-11-25;30;46.9;166
Leicester;2022-11-24;29;41.5;147
Leicester;2022-11-21;26;35.9;127
Leicester;2022-11-17;18;40.7;144
Leicester;2022-11-15;24;42.1;149
Leicester;2022-11-11;15;39.3;139
Leicester;2022-11-08;22;42.4;150
Leicester;2022-11-06;16;38.1;135
Leicester;2022-11-04;20;41.8;148
Leicester;2022-11-01;22;41.2;146
Leicester;2022-10-28;16;50.6;179
Leicester;2022-10-27;30;51.7;183
Leicester;2022-10-26;20;54.2;192
Leicester;2022-10-23;18;62.7;222
Leicester;2022-10-19;29;83.9;297
Leicester;2022-10-13;59;78.0;276
Leicester;2022-10-04;31;53.9;191
Leicester;2022-10-03;38;50.3;178
Leicester;2022-10-02;23;49.1;174
Leicester;2022-09-28;26;50.0;177
Leicester;2022-09-23;28;45.8;162
Leicester;2022-09-22;28;46.0;163
Leicester;2022-09-18;15;35.9;127
Leicester;2022-09-17;9;34.2;121
Leicester;2022-09-16;29;34.5;122
Leicester;2022-09-13;31;31.6;112
Leicester;2022-09-08;17;33.0;117
Leicester;2022-09-07;12;33.9;120
Leicester;2022-09-04;21;39.3;139
Leicester;2022-08-31;17;29.4;104
Leicester;2022-08-25;12;30.5;108
Leicester;2022-08-24;18;32.2;114
Leicester;2022-08-23;13;32.5;115
Leicester;2022-08-21;20;41.0;145
Leicester;2022-08-18;18;44.6;158
Leicester;2022-08-13;24;60.7;215
Leicester;2022-08-12;24;60.4;214
Leicester;2022-08-10;38;63.0;223
Leicester;2022-08-02;45;82.5;292
Leicester;2022-07-26;41;105.9;375
Leicester;2022-07-24;57;125.7;445
Leicester;2022-07-20;53;152.0;538
Leicester;2022-07-13;93;193.2;684
Leicester;2022-07-12;111;200.0;708
Leicester;2022-07-11;117;202.5;717
Leicester;2022-07-10;90;201.7;714
Leicester;2022-07-05;120;190.7;675
Leicester;2022-07-03;100;179.1;634
Leicester;2022-06-30;87;163.3;578
Leicester;2022-06-28;78;157.0;556
Leicester;2022-06-27;115;155.9;552
Leicester;2022-06-25;52;145.2;514
Leicester;2022-06-23;67;137.0;485
Leicester;2022-06-22;92;134.4;476
Leicester;2022-06-21;74;127.7;452
Leicester;2022-06-20;88;128.8;456
Leicester;2022-06-19;68;118.6;420
Leicester;2022-06-12;41;91.2;323
Leicester;2022-06-09;67;86.4;306
Leicester;2022-06-05;36;59.6;211
Leicester;2022-05-30;47;44.9;159
Leicester;2022-05-28;13;39.8;141
Leicester;2022-05-25;20;41.2;146
Leicester;2022-05-18;25;61.0;216
Leicester;2022-05-16;37;62.7;222
Leicester;2022-05-13;31;65.5;232
Leicester;2022-05-09;37;76.0;269
Leicester;2022-05-08;43;78.5;278
Leicester;2022-04-26;54;109.6;388
Leicester;2022-04-25;62;116.9;414
Leicester;2022-04-18;77;157.9;559
Leicester;2022-04-11;119;225.4;798
Leicester;2022-04-10;90;242.6;859
Leicester;2022-04-04;180;343.5;1216
Leicester;2022-03-26;181;454.8;1610
Leicester;2022-03-22;283;435.3;1541
Leicester;2022-03-18;174;392.3;1389
Leicester;2022-03-17;199;391.2;1385
Leicester;2022-03-16;227;379.3;1343
Leicester;2022-03-10;157;285.6;1011
Leicester;2022-03-09;177;276.5;979
Leicester;2022-03-06;114;239.0;846
Leicester;2022-02-26;47;186.4;660
Leicester;2022-02-23;106;223.4;791
Leicester;2022-02-20;113;246.3;872
Leicester;2022-02-16;137;250.5;887
Leicester;2022-02-13;90;315.2;1116
Leicester;2022-02-09;200;419.4;1485
Leicester;2022-02-04;214;690.3;2444
Leicester;2022-02-03;261;740.6;2622
Leicester;2022-01-29;319;991.4;3510
Leicester;2022-01-26;552;1097.3;3885
Leicester;2022-01-25;600;1142.5;4045
Leicester;2022-01-23;499;1228.4;4349
Leicester;2022-01-18;755;1289.4;4565
Leicester;2022-01-16;628;1336.3;4731
Leicester;2022-01-15;489;1339.4;4742
Leicester;2022-01-13;602;1448.4;5128
Leicester;2022-01-12;711;1620.2;5736
Leicester;2022-01-08;610;2278.3;8066
Leicester;2022-01-02;984;2127.5;7532
Leicester;2022-01-01;743;2014.2;7131
Leicester;2021-12-31;987;1914.5;6778
Leicester;2021-12-29;1497;1681.2;5952
Leicester;2021-12-28;1083;1488.8;5271
Leicester;2021-12-26;583;1288.6;4562
Leicester;2021-12-24;727;1220.5;4321
Leicester;2021-12-23;765;1134.3;4016
Leicester;2021-12-15;438;550.8;1950
Leicester;2021-12-11;211;423.4;1499
Leicester;2021-12-07;228;414.6;1468
Leicester;2021-12-01;241;368.9;1306
Leicester;2021-11-26;149;364.9;1292
Leicester;2021-11-23;210;384.4;1361
Leicester;2021-11-22;239;393.5;1393
Leicester;2021-11-20;159;396.0;1402
Leicester;2021-11-06;143;317.2;1123
Leicester;2021-11-05;158;311.3;1102
Leicester;2021-11-01;189;337.0;1193
Leicester;2021-10-31;124;369.5;1308
Leicester;2021-10-25;304;425.9;1508
Leicester;2021-10-23;191;376.8;1334
Leicester;2021-10-15;138;310.7;1100
Leicester;2021-10-13;175;300.0;1062
Leicester;2021-10-03;137;302.2;1070
Leicester;2021-10-02;100;297.7;1054
Leicester;2021-10-01;128;309.0;1094
Leicester;2021-09-30;147;317.8;1125
Leicester;2021-09-29;168;324.3;1148
Leicester;2021-09-28;182;334.4;1184
Leicester;2021-09-25;140;354.5;1255
Leicester;2021-09-24;159;358.2;1268
Leicester;2021-09-22;204;372.0;1317
Leicester;2021-09-21;183;366.3;1297
Leicester;2021-09-20;239;373.1;1321
Leicester;2021-09-10;192;442.9;1568
Leicester;2021-09-07;249;426.8;1511
Leicester;2021-09-05;151;394.9;1398
Leicester;2021-09-03;183;377.1;1335
Leicester;2021-08-31;272;395.7;1401
Leicester;2021-08-28;142;423.4;1499
Leicester;2021-08-26;221;434.7;1539
Leicester;2021-08-25;240;433.0;1533
Leicester;2021-08-23;260;442.0;1565
Leicester;2021-08-22;162;440.9;1561
Leicester;2021-08-19;215;432.7;1532
Leicester;2021-08-15;157;411.5;1457
Leicester;2021-08-14;173;408.4;1446
Leicester;2021-08-12;247;409.6;1450
Leicester;2021-08-11;215;400.8;1419
Leicester;2021-08-08;146;407.0;1441
Leicester;2021-08-07;175;405.0;1434
Leicester;2021-08-03;246;373.1;1321
Leicester;2021-07-25;147;334.7;1185
Leicester;2021-07-20;180;451.4;1598
Leicester;2021-07-19;241;454.8;1610
Leicester;2021-07-18;217;433.6;1535
Leicester;2021-07-17;197;407.0;1441
Leicester;2021-07-12;166;281.0;995
Leicester;2021-07-09;140;262.1;928
Leicester;2021-07-03;84;209.0;740
Leicester;2021-07-02;128;201.7;714
Leicester;2021-07-01;126;187.3;663
Leicester;2021-06-29;108;164.4;582
Leicester;2021-06-28;114;159.9;566
Leicester;2021-06-24;78;141.8;502
Leicester;2021-06-22;92;130.5;462
Leicester;2021-06-20;50;127.7;452
Leicester;2021-06-14;70;122.9;435
Leicester;2021-06-12;48;133.0;471
Leicester;2021-06-09;74;137.0;485
Leicester;2021-06-08;79;130.8;463
Leicester;2021-06-06;52;110.7;392
Leicester;2021-06-05;41;105.4;373
Leicester;2021-06-04;68;102.0;361
Leicester;2021-05-30;33;87.8;311
Leicester;2021-05-29;29;85.3;302
Leicester;2021-05-28;47;87.8;311
Leicester;2021-05-22;38;67.5;239
Leicester;2021-05-17;34;52.5;186
Leicester;2021-05-15;21;52.8;187
Leicester;2021-05-12;13;47.5;168
Leicester;2021-05-11;31;51.1;181
Leicester;2021-05-03;21;36.7;130
Leicester;2021-04-29;21;46.9;166
Leicester;2021-04-28;23;51.7;183
Leicester;2021-04-27;28;55.9;198
Leicester;2021-04-23;20;59.0;209
Leicester;2021-04-19;31;63.6;225
Leicester;2021-04-17;21;72.6;257
Leicester;2021-04-16;34;73.7;261
Leicester;2021-04-15;41;78.8;279
Leicester;2021-04-05;35;88.1;312
Leicester;2021-04-02;43;91.2;323
Leicester;2021-03-31;48;98.3;348
Leicester;2021-03-28;44;112.4;398
Leicester;2021-03-27;44;112.1;397
Leicester;2021-03-26;53;115.8;410
Leicester;2021-03-20;57;114.7;406
Leicester;2021-03-15;63;116.7;413
Leicester;2021-03-14;50;117.8;417
Leicester;2021-03-13;42;119.2;422
Leicester;2021-03-12;51;119.5;423
Leicester;2021-03-07;55;138.7;491
Leicester;2021-02-24;116;244.3;865
Leicester;2021-02-23;127;249.1;882
Leicester;2021-02-13;112;269.5;954
Leicester;2021-02-12;134;267.5;947
Leicester;2021-02-10;132;268.9;952
Leicester;2021-02-07;120;304.8;1079
Leicester;2021-02-06;105;311.8;1104
Leicester;2021-02-02;185;372.3;1318
Leicester;2021-01-30;146;373.4;1322
Leicester;2021-01-23;175;564.3;1998
Leicester;2021-01-18;336;590.6;2091
Leicester;2021-01-14;299;552.2;1955
Leicester;2021-01-12;387;567.5;2009
Leicester;2021-01-10;191;559.8;1982
Leicester;2021-01-09;219;591.7;2095
Leicester;2021-01-07;282;586.4;2076
Leicester;2020-12-28;211;324.3;1148
Leicester;2020-12-21;233;330.8;1171
Leicester;2020-12-19;143;314.7;1114
Leicester;2020-12-13;105;251.4;890
Leicester;2020-12-12;103;257.3;911
Leicester;2020-12-09;160;259.3;918
Leicester;2020-12-08;108;244.9;867
Leicester;2020-12-07;146;257.9;913
Leicester;2020-12-05;110;250.8;888
Leicester;2020-12-03;145;250.8;888
Leicester;2020-11-23;203;369.5;1308
Leicester;2020-11-22;129;387.5;1372
Leicester;2020-11-21;146;404.5;1432
Leicester;2020-11-16;267;499.1;1767
Leicester;2020-11-12;252;539.5;1910
Leicester;2020-11-11;320;536.7;1900
Leicester;2020-11-07;226;449.1;1590
Leicester;2020-11-06;234;427.6;1514
Leicester;2020-11-04;192;418.6;1482
Leicester;2020-10-30;190;385.6;1365
Leicester;2020-10-29;254;387.8;1373
Leicester;2020-10-28;208;370.0;1310
Leicester;2020-10-27;197;372.3;1318
Leicester;2020-10-21;216;289.5;1025
Leicester;2020-10-19;176;265.8;941
Leicester;2020-10-18;103;257.6;912
Leicester;2020-10-17;89;261.0;924
Leicester;2020-10-16;120;257.9;913
Leicester;2020-10-14;195;259.0;917
Leicester;2020-10-13;124;243.2;861
Leicester;2020-10-12;147;236.7;838
Leicester;2020-10-06;101;171.2;606
Leicester;2020-10-04;72;154.5;547
Leicester;2020-10-02;106;142.9;506
Leicester;2020-10-01;87;126.5;448
Leicester;2020-09-25;48;116.1;411
Leicester;2020-09-24;52;124.3;440
Leicester;2020-09-21;68;124.0;439
Leicester;2020-09-17;66;99.4;352
Leicester;2020-09-11;50;90.1;319
Leicester;2020-09-10;40;87.0;308
Leicester;2020-09-05;30;57.6;204
Leicester;2020-08-27;12;27.4;97
Leicester;2020-08-22;9;47.7;169
Leicester;2020-08-21;24;50.0;177
Leicester;2020-08-17;49;55.6;197
Leicester;2020-08-14;29;60.7;215
Leicester;2020-08-10;36;71.7;254
Leicester;2020-08-06;46;60.4;214
Leicester;2020-08-03;33;54.5;193
Leicester;2020-08-02;13;57.9;205
Leicester;2020-07-28;19;61.0;216
Leicester;2020-07-26;18;59.9;212
Leicester;2020-07-23;42;67.8;240
Leicester;2020-07-19;19;75.4;267
Leicester;2020-07-17;36;84.5;299
Leicester;2020-07-16;47;93.2;330
Leicester;2020-07-15;39;92.4;327
Leicester;2020-07-11;60;127.7;452
Leicester;2020-07-10;67;122.0;432
Leicester;2020-07-08;62;125.1;443
Leicester;2020-07-06;81;128.2;454
Leicester;2020-07-01;71;125.7;445
Leicester;2020-06-30;60;133.3;472
Leicester;2020-06-29;80;142.4;504
Leicester;2020-06-28;37;146.0;517
Leicester;2020-06-23;92;152.0;538
Leicester;2020-06-18;74;132.2;468
Leicester;2020-06-14;63;123.4;437
Leicester;2020-06-12;56;109.3;387
Leicester;2020-06-10;60;90.7;321
Leicester;2020-06-09;65;81.9;290
Leicester;2020-06-08;59;83.0;294
Leicester;2020-06-06;24;72.9;258
Leicester;2020-06-03;29;70.3;249
Leicester;2020-05-29;25;53.9;191
Leicester;2020-05-28;34;53.4;189
Leicester;2020-05-14;29;61.9;219
Leicester;2020-05-08;34;59.3;210
Leicester;2020-04-26;7;46.6;165
Leicester;2020-04-22;30;40.7;144
Leicester;2020-04-18;18;29.1;103
Leicester;2020-04-17;12;28.8;102
Leicester;2020-04-15;15;37.0;131
Leicester;2020-04-11;17;44.9;159
Leicester;2020-04-08;20;44.1;156
Leicester;2020-04-06;26;48.3;171
Leicester;2020-04-05;20;42.4;150
Leicester;2020-03-31;27;19.8;70
Leicester;2020-03-27;8;19.5;69
Leicester;2020-03-26;13;17.8;63
Leicester;2020-03-23;11;11.0;39
Leicester;2020-03-21;5;6.5;23
